cld,dtr,frs,pet,vap,wet,elevation,lumpy
41.6,12.8,0,2.3,15.7,0,147,1
40.5,13.3,0,2.4,16.3,0,145,1
27.3,13.6,0.08,2.3,13,0.98,158,1
45.3,12.8,31,0.4,0.9,4.64,178,1
38.8,13.2,31,0.4,1.2,1.69,185,1
38.8,13.2,31,0.4,1.2,1.69,185,1
38.8,13.2,31,0.4,1.2,1.69,185,1
45.3,12.8,31,0.4,0.9,4.64,178,1
38.8,13.2,31,0.4,1.2,1.69,185,1
38.8,13.2,31,0.4,1.2,1.69,185,1
38.8,13.2,31,0.4,1.2,1.69,185,1
43.6,13.3,31,0.4,1.6,1.52,183,1
43.6,13.3,31,0.4,1.6,1.52,183,1
43.6,13.3,31,0.4,1.6,1.52,183,1
38.8,13.2,31,0.4,1.2,1.69,185,1
43.6,13.3,31,0.4,1.6,1.52,183,1
38.8,13.2,31,0.4,1.2,1.69,185,1
38.8,13.2,31,0.4,1.2,1.69,185,1
43.8,13.2,31,0.5,0.8,4.87,167,1
43.6,13.3,31,0.4,1.6,1.52,183,1
45.1,13.7,31,0.5,0,2.08,203,1
57.2,8.1,0.15,1.7,11,15.38,167,1
57.2,8.1,0.15,1.7,11,15.38,167,1
54,8.3,0.74,1.7,10.4,14.83,191,1
57.2,8.1,0.15,1.7,11,15.38,167,1
57.2,8.1,0.15,1.7,11,15.38,167,1
57.2,8.1,0.15,1.7,11,15.38,167,1
56.2,8.2,1.21,1.6,10,13.09,159,1
61.6,8.6,31,0,1.1,7.49,156,1
71.1,6.8,30.97,0.2,2.6,13.51,149,1
71.1,6.8,30.97,0.2,2.6,13.51,149,1
45.1,8.4,31,0,1.2,4.74,150,1
42.4,8.4,31,0,1.2,4.47,151,1
30.5,11.3,0,2.5,15.3,0,149,1
50.5,9.1,1.01,1.8,10.2,13.65,160,1
46.2,8.2,31,0,1.1,4.43,153,1
47,8.3,31,0,1.1,2.42,153,1
36.9,8.6,31,0,1,3.3,151,1
47.8,8.3,31,0,1.2,6.34,155,1
45.1,8.4,31,0,1.2,4.74,150,1
52.7,8,31,0,1,3.75,155,1
44.5,8.4,31,0,1,2.66,152,1
53.2,8,31,0,1,3.02,154,1
46.8,8.4,31,0,1.1,3.63,153,1
36.9,8.6,31,0,1,3.3,151,1
47.8,8.1,31,0,1,3.53,153,1
44.8,8.3,31,0,1,2.64,153,1
67.4,7.4,4.27,1.4,8.7,17.87,171,1
40.5,13.4,0,2.2,14.9,0.67,145,1
41.9,13.5,0,2.3,16,0.01,145,1
36.7,12.4,0,2.9,18.2,0,145,1
37,13.2,0,2.5,17.3,0.13,146,1
37,13.2,0,2.5,17.3,0.13,146,1
55.2,9.1,31,0.1,1,6.21,156,1
43.9,14,0,2,14.7,0.85,147,1
44,13.1,0,2.1,14.8,0.65,147,1
42.8,14.3,0,2.2,15.7,0.08,145,1
40.5,13.4,0,2.2,14.9,0.67,145,1
36.6,13.7,0,2.1,14.6,0.89,150,1
61.1,7.6,0.11,1.7,10.7,16.59,161,1
49.2,8,31,0,1,4.19,153,1
36.7,12.4,0,2.9,18.2,0,145,1
37,13.2,0,2.5,17.3,0.13,146,1
37,13.2,0,2.5,17.3,0.13,146,1
39,13.8,0,2.2,15.1,0.65,145,1
47.8,8.3,31,0,1.2,6.34,155,1
30.5,11.3,0,2.5,15.3,0,149,1
47.8,8.3,31,0,1.2,6.34,155,1
75.2,6.4,30.78,0.2,2.8,13.12,149,1
47,8.4,31,0.1,0.9,2.59,154,1
47.8,8.3,31,0,1.2,6.34,155,1
53.2,8,31,0,1,3.02,154,1
47,8.4,31,0.1,0.9,2.59,154,1
43.6,13.3,31,0.4,1.6,1.52,183,1
44.5,8.4,31,0,1,2.66,152,1
53.2,8,31,0,1,3.02,154,1
44.5,8.4,31,0,1,2.66,152,1
53.2,8,31,0,1,3.02,154,1
44.8,8.3,31,0,1,2.64,153,1
69.9,6.6,3.73,1.6,7.9,17.51,190,1
75.5,6.3,30.68,0.2,2.9,12.86,148,1
75.5,6.3,30.68,0.2,2.9,12.86,148,1
57.2,8.1,0.15,1.7,11,15.38,167,1
57.2,8.1,0.15,1.7,11,15.38,167,1
56.2,8.2,1.21,1.6,10,13.09,159,1
56.2,8.2,1.21,1.6,10,13.09,159,1
57.2,8.1,0.15,1.7,11,15.38,167,1
57.2,8.1,0.15,1.7,11,15.38,167,1
56.2,8.2,1.21,1.6,10,13.09,159,1
57.2,8.1,0.15,1.7,11,15.38,167,1
56.2,8.2,1.21,1.6,10,13.09,159,1
56.2,8.2,1.21,1.6,10,13.09,159,1
56.2,8.2,1.21,1.6,10,13.09,159,1
56.2,8.2,1.21,1.6,10,13.09,159,1
66.1,6.2,31,0.1,1.9,21.36,155,1
65.5,7.3,31,0.2,1.8,16.12,159,1
47.5,8.4,31,0,1.2,2.45,153,1
49.8,8.3,31,0,1,3.51,153,1
71.9,6.3,31,0.1,2.3,18.35,154,1
71.9,6.2,31,0.1,2.2,18.77,151,1
67.2,6.3,31,0.1,2,18.65,144,1
65.3,10.1,31,0.4,2.2,8.96,200,1
71.9,6.3,31,0.1,2.3,18.45,160,1
66.9,6.9,31,0.2,1.8,17,149,1
62.9,7.6,31,0,1.5,3.69,156,1
47.5,8.4,31,0,1.2,2.45,153,1
45.8,8.3,31,0,1,3.9,155,1
48,8.1,31,0,1,2.71,153,1
66.9,6.9,31,0.1,1.9,17.74,152,1
41.7,8.9,31,0,1.3,3.63,159,1
46,8.2,31,0,1.4,3.91,157,1
41.7,8.9,31,0,1.3,3.63,159,1
71.9,6.3,31,0.1,2.3,18.45,160,1
52.9,8.1,31,0.1,1.4,3.74,160,1
66.4,9.8,30.78,0.5,2.7,8.37,149,1
72.2,6.3,31,0.1,2.4,17.03,150,1
68.9,9.6,30.84,0.4,2.8,8.85,197,1
71.3,6.2,31,0.1,2.1,19.28,152,1
51.6,8.2,31,0.1,1.4,5.9,158,1
71,6.5,31,0.1,2.4,17.23,153,1
56.3,8.5,31,0.1,1.3,5.36,164,1
71.2,6.2,31,0.1,2.1,18.07,151,1
71.2,6.2,31,0.1,2.1,18.07,151,1
71.2,6.2,31,0.1,2.1,18.07,151,1
71.2,6.2,31,0.1,2.1,18.07,151,1
71.9,6.3,31,0.1,2.2,17.94,151,1
71.9,6.2,31,0.1,2.2,18.77,151,1
38,8.7,31,0,1.4,4.09,158,1
38.3,8.7,31,0.1,1.3,3.83,155,1
46.3,8.7,31,0.1,1.3,3.37,155,1
44.1,8.8,31,0.1,1.3,3.94,152,1
38.3,8.7,31,0.1,1.3,3.83,155,1
39.3,8.7,31,0,1.3,3.35,155,1
46.3,8.7,31,0.1,1.3,3.37,155,1
42.8,8.5,31,0,1.2,3.72,156,1
42.8,8.5,31,0,1.2,3.72,156,1
38,8.7,31,0,1.4,4.09,158,1
38.3,8.7,31,0.1,1.3,3.83,155,1
46.3,8.7,31,0.1,1.3,3.37,155,1
66.4,9.8,30.78,0.5,2.7,8.37,149,1
66.4,9.8,30.78,0.5,2.7,8.37,149,1
66.4,9.8,30.78,0.5,2.7,8.37,149,1
70.9,6.5,31,0.1,2.4,16.73,157,1
70.8,6.5,31,0.1,2.2,17.13,158,1
71.9,6.3,31,0.1,2.2,17.94,151,1
71.9,6.3,31,0.1,2.2,17.94,151,1
70.8,6.5,31,0.1,2.2,17.13,158,1
44.1,8.8,31,0.1,1.3,3.94,152,1
44.1,8.8,31,0.1,1.3,3.94,152,1
41.7,8.9,31,0,1.3,3.63,159,1
39.3,8.7,31,0,1.3,3.35,155,1
39.3,8.7,31,0,1.3,3.35,155,1
71.2,6.2,31,0.1,2.1,18.07,151,1
70.7,6.4,31,0.2,2,17.7,147,1
71.9,6.2,31,0.1,2.2,18.77,151,1
39.2,8.7,31,0,1.4,3.38,156,1
67.5,13.2,0,4.1,19.6,13.3,183,1
67.5,12.5,0,4.3,16.5,9.5,181,1
67.5,13.3,0,4.2,18.9,12.7,184,1
67.5,13.1,0,4.3,17.8,11.2,182,1
70,13.1,0,4.3,16.3,9.7,182,1
67.5,13.1,0,4.3,17.8,11.2,182,1
70,13.1,0,4.3,16.3,9.7,182,1
66.3,13.3,0,4.4,17.8,12,183,1
67.5,11.9,0,3.8,22.1,15.24,183,1
66.3,12.7,0,4,20.4,14.4,183,1
70.8,6.5,31,0.1,2.2,17.13,158,1
70.8,6.5,31,0.1,2.2,17.13,158,1
71.9,6.2,31,0.1,2.2,18.77,151,1
70.7,6.4,31,0.2,2,17.7,147,1
70.7,6.4,31,0.2,2,17.7,147,1
71.2,6,31,0.1,2.3,19.96,150,1
38.3,8.7,31,0.1,1.3,3.83,155,1
71.9,6.2,31,0.1,2.2,18.77,151,1
71.9,6.2,31,0.1,2.2,18.77,151,1
76.9,6,26.87,0.8,3.4,9.06,184,1
76.3,6,26.09,0.9,3.5,9.6,176,1
78.7,5.8,27.59,0.9,2.8,9.83,157,1
79.9,6.1,25.57,0.7,4.1,8.89,186,1
78.7,5.8,27.59,0.9,2.8,9.83,157,1
78.7,5.8,27.59,0.9,2.8,9.83,157,1
78.7,5.8,27.59,0.9,2.8,9.83,157,1
71.8,7,13.65,0.8,6.4,9.73,147,1
78.7,5.8,27.59,0.9,2.8,9.83,157,1
78.7,5.8,27.59,0.9,2.8,9.83,157,1
75.4,6,26.77,0.8,3.4,9.26,205,1
76.3,6,26.09,0.9,3.5,9.6,176,1
78.7,5.8,27.59,0.9,2.8,9.83,157,1
78.7,5.8,27.59,0.9,2.8,9.83,157,1
76.9,6,26.87,0.8,3.4,9.06,184,1
81.1,5.8,26.19,0.7,4,8.71,176,1
78.7,5.8,27.59,0.9,2.8,9.83,157,1
73.3,6.1,24.82,0.8,4.1,9.54,186,1
79.9,6.1,25.57,0.7,4.1,8.89,186,1
57.5,8.7,31,0.2,1.5,8.4,170,1
58.7,8.5,31,0.2,1.5,8.55,155,1
26.6,16.6,0,7.3,13.5,4.22,155,1
26.6,16.6,0,7.3,13.5,4.22,155,1
71.3,6,31,0.1,2.2,21.6,148,1
57.5,14.7,0,4.9,15.2,11.9,169,1
67.5,8.9,0,3.8,13.5,8,192,1
62.5,11.3,0,4.4,14.1,10,184,1
36.3,14.8,0,6.7,14.1,6.5,181,1
34.8,15.9,0,7.2,13.3,6.51,161,1
67.5,13.1,0,4.3,17.8,11.2,182,1
67.5,12.8,0,4.4,17.3,10.4,183,1
66.3,13.5,0,4.3,18.8,13.3,182,1
67.5,13.1,0,4.3,17.8,11.2,182,1
66.3,13.5,0,4.4,18,12.7,184,1
65.5,7.6,31,0.2,1.6,14.45,159,1
56.8,8,15.26,0.8,6.5,12.25,203,1
72.8,6.8,30.86,0.2,2.8,12.47,150,1
77.8,6,30.82,0.2,2.8,11.74,157,1
67.2,6.3,31,0.1,2,18.65,144,1
70.8,6.5,31,0.1,2.2,17.13,158,1
63.8,14,0,4.5,18,13.4,181,1
67.5,13.1,0,4.3,17.8,11.2,182,1
67.5,12.8,0,4.4,17.3,10.4,183,1
66.3,13.5,0,4.4,18,12.7,184,1
66.3,13.5,0,4.4,18,12.7,184,1
66.3,13.3,0,4.4,17.8,12,183,1
67.5,13.1,0,4.3,17.8,11.2,182,1
67.5,13.1,0,4.3,17.8,11.2,182,1
67.5,12.4,0,3.9,20.7,14.8,184,1
66.3,13.3,0,4.4,17.8,12,183,1
67.5,13.1,0,4.3,17.8,11.2,182,1
66.3,13.5,0,4.4,18,12.7,184,1
63.8,12.6,0,4.2,17.2,15.5,178,1
60,13.7,0,4.6,17.1,13.7,191,1
60,13.8,0,4.6,15.9,14,192,1
67.5,12.2,0,3.9,21.1,15.1,181,1
66.3,12.2,0,4,21.6,14.84,184,1
43.8,14.2,0,5.7,15.5,9.5,184,1
66.3,12.2,0,4,21.6,14.84,184,1
58.2,8.1,31,0.3,1.5,7.99,155,1
59.5,8.3,31,0.3,1.5,8.88,151,1
59.3,8.7,31,0.2,1.5,6.18,169,1
75.2,6.4,30.78,0.2,2.8,13.12,149,1
81,6.6,24.49,0.8,4.4,10.8,131,1
81,6.6,24.49,0.8,4.4,10.8,131,1
81,6.6,24.49,0.8,4.4,10.8,131,1
81,6.6,24.49,0.8,4.4,10.8,131,1
81,6.6,24.49,0.8,4.4,10.8,131,1
81.2,6.3,27.14,0.8,3.4,10.57,144,1
71.1,8.3,12.33,0.9,6.9,11.11,170,1
71.1,8.3,12.33,0.9,6.9,11.11,170,1
71.1,8.3,12.33,0.9,6.9,11.11,170,1
71.1,8.3,12.33,0.9,6.9,11.11,170,1
71.1,8.3,12.33,0.9,6.9,11.11,170,1
71.1,8.3,12.33,0.9,6.9,11.11,170,1
71.1,8.3,12.33,0.9,6.9,11.11,170,1
71.1,8.3,12.33,0.9,6.9,11.11,170,1
71.1,8.3,12.33,0.9,6.9,11.11,170,1
71.1,8.3,12.33,0.9,6.9,11.11,170,1
71.1,8.3,12.33,0.9,6.9,11.11,170,1
71.1,8.3,12.33,0.9,6.9,11.11,170,1
71.1,8.3,12.33,0.9,6.9,11.11,170,1
71.1,8.3,12.33,0.9,6.9,11.11,170,1
71.1,8.3,12.33,0.9,6.9,11.11,170,1
71.1,8.3,12.33,0.9,6.9,11.11,170,1
71.1,8.3,12.33,0.9,6.9,11.11,170,1
71.1,8.3,12.33,0.9,6.9,11.11,170,1
71.1,8.3,12.33,0.9,6.9,11.11,170,1
71.1,8.3,12.33,0.9,6.9,11.11,170,1
71.1,8.3,12.33,0.9,6.9,11.11,170,1
71.1,8.3,12.33,0.9,6.9,11.11,170,1
71.1,8.3,12.33,0.9,6.9,11.11,170,1
71.1,8.3,12.33,0.9,6.9,11.11,170,1
71.1,8.3,12.33,0.9,6.9,11.11,170,1
71.1,8.3,12.33,0.9,6.9,11.11,170,1
71.1,8.3,12.33,0.9,6.9,11.11,170,1
71.1,8.3,12.33,0.9,6.9,11.11,170,1
71.1,8.3,12.33,0.9,6.9,11.11,170,1
71.1,8.3,12.33,0.9,6.9,11.11,170,1
71.1,8.3,12.33,0.9,6.9,11.11,170,1
71.1,8.3,12.33,0.9,6.9,11.11,170,1
71.1,8.3,12.33,0.9,6.9,11.11,170,1
71.1,8.3,12.33,0.9,6.9,11.11,170,1
71.1,8.3,12.33,0.9,6.9,11.11,170,1
71.1,8.3,12.33,0.9,6.9,11.11,170,1
71.1,8.3,12.33,0.9,6.9,11.11,170,1
71.1,8.3,12.33,0.9,6.9,11.11,170,1
71.1,8.3,12.33,0.9,6.9,11.11,170,1
71.1,8.3,12.33,0.9,6.9,11.11,170,1
71.1,8.3,12.33,0.9,6.9,11.11,170,1
71.1,8.3,12.33,0.9,6.9,11.11,170,1
71.1,8.3,12.33,0.9,6.9,11.11,170,1
71.1,8.3,12.33,0.9,6.9,11.11,170,1
71.1,8.3,12.33,0.9,6.9,11.11,170,1
71.1,8.3,12.33,0.9,6.9,11.11,170,1
71.1,8.3,12.33,0.9,6.9,11.11,170,1
71.1,8.3,12.33,0.9,6.9,11.11,170,1
71.1,8.3,12.33,0.9,6.9,11.11,170,1
71.1,8.3,12.33,0.9,6.9,11.11,170,1
71.1,8.3,12.33,0.9,6.9,11.11,170,1
71.1,8.3,12.33,0.9,6.9,11.11,170,1
71.1,8.3,12.33,0.9,6.9,11.11,170,1
71.1,8.3,12.33,0.9,6.9,11.11,170,1
71.1,8.3,12.33,0.9,6.9,11.11,170,1
71.1,8.3,12.33,0.9,6.9,11.11,170,1
71.1,8.3,12.33,0.9,6.9,11.11,170,1
81,6.6,24.49,0.8,4.4,10.8,131,1
81,6.6,24.49,0.8,4.4,10.8,131,1
81,6.6,24.49,0.8,4.4,10.8,131,1
81,6.6,24.49,0.8,4.4,10.8,131,1
81,6.6,24.49,0.8,4.4,10.8,131,1
81,6.6,24.49,0.8,4.4,10.8,131,1
81,6.6,24.49,0.8,4.4,10.8,131,1
81,6.6,24.49,0.8,4.4,10.8,131,1
81,6.6,24.49,0.8,4.4,10.8,131,1
81,6.6,24.49,0.8,4.4,10.8,131,1
81,6.6,24.49,0.8,4.4,10.8,131,1
81,6.6,24.49,0.8,4.4,10.8,131,1
71.8,7,13.65,0.8,6.4,9.73,147,1
71.9,8.4,8.31,1.1,7.5,10.82,155,1
71.9,8.4,8.31,1.1,7.5,10.82,155,1
71.9,8.4,8.31,1.1,7.5,10.82,155,1
71.9,8.4,8.31,1.1,7.5,10.82,155,1
82,6,26.09,0.7,3.8,10.45,151,1
71.8,7,13.65,0.8,6.4,9.73,147,1
71.8,7,13.65,0.8,6.4,9.73,147,1
71.8,7,13.65,0.8,6.4,9.73,147,1
71.8,7,13.65,0.8,6.4,9.73,147,1
71.8,7,13.65,0.8,6.4,9.73,147,1
71.8,7,13.65,0.8,6.4,9.73,147,1
78,5.9,26.58,0.9,3.1,10.44,152,1
78,5.9,26.58,0.9,3.1,10.44,152,1
78,5.9,26.58,0.9,3.1,10.44,152,1
81,6.6,24.49,0.8,4.4,10.8,131,1
78,7.3,23.68,0.8,4.8,11.21,191,1
78,7.3,23.68,0.8,4.8,11.21,191,1
78,7.3,23.68,0.8,4.8,11.21,191,1
71.1,7.3,25.15,0.7,4.3,11.33,192,1
81,6.6,24.49,0.8,4.4,10.8,131,1
73.6,7.7,14.72,0.8,6.5,10.6,150,1
73.6,7.7,14.72,0.8,6.5,10.6,150,1
73.6,7.7,14.72,0.8,6.5,10.6,150,1
73.6,7.7,14.72,0.8,6.5,10.6,150,1
73.6,7.7,14.72,0.8,6.5,10.6,150,1
81,6.6,24.49,0.8,4.4,10.8,131,1
78,7.3,23.68,0.8,4.8,11.21,191,1
81,6.6,24.49,0.8,4.4,10.8,131,1
81,6.6,24.49,0.8,4.4,10.8,131,1
73.6,7.7,14.72,0.8,6.5,10.6,150,1
81,6.6,24.49,0.8,4.4,10.8,131,1
81,6.6,24.49,0.8,4.4,10.8,131,1
81,6.6,24.49,0.8,4.4,10.8,131,1
81,6.6,24.49,0.8,4.4,10.8,131,1
81,6.6,24.49,0.8,4.4,10.8,131,1
81,6.6,24.49,0.8,4.4,10.8,131,1
81,6.6,24.49,0.8,4.4,10.8,131,1
81,6.6,24.49,0.8,4.4,10.8,131,1
81,6.6,24.49,0.8,4.4,10.8,131,1
81,6.6,24.49,0.8,4.4,10.8,131,1
81,6.6,24.49,0.8,4.4,10.8,131,1
81,6.6,24.49,0.8,4.4,10.8,131,1
81,6.6,24.49,0.8,4.4,10.8,131,1
81,6.6,24.49,0.8,4.4,10.8,131,1
81,6.6,24.49,0.8,4.4,10.8,131,1
81,6.6,24.49,0.8,4.4,10.8,131,1
81,6.6,24.49,0.8,4.4,10.8,131,1
81,6.6,24.49,0.8,4.4,10.8,131,1
81,6.6,24.49,0.8,4.4,10.8,131,1
81,6.6,24.49,0.8,4.4,10.8,131,1
81,6.6,24.49,0.8,4.4,10.8,131,1
81,6.6,24.49,0.8,4.4,10.8,131,1
81,6.6,24.49,0.8,4.4,10.8,131,1
71.1,8.3,12.33,0.9,6.9,11.11,170,1
71.1,8.3,12.33,0.9,6.9,11.11,170,1
80.1,6.7,25.04,0.7,4.4,10.81,151,1
80.1,6.7,25.04,0.7,4.4,10.81,151,1
79.1,7.1,24.03,0.8,4.7,11.17,158,1
79.1,7.1,24.03,0.8,4.7,11.17,158,1
78,7.3,23.68,0.8,4.8,11.21,191,1
81,6.6,24.49,0.8,4.4,10.8,131,1
81,6.6,24.49,0.8,4.4,10.8,131,1
81,6.6,24.49,0.8,4.4,10.8,131,1
81,6.6,24.49,0.8,4.4,10.8,131,1
81,6.6,24.49,0.8,4.4,10.8,131,1
82,6,26.09,0.7,3.8,10.45,151,1
79.1,7.1,24.03,0.8,4.7,11.17,158,1
79.1,7.1,24.03,0.8,4.7,11.17,158,1
79.1,7.1,24.03,0.8,4.7,11.17,158,1
79.1,7.1,24.03,0.8,4.7,11.17,158,1
79.1,7.1,24.03,0.8,4.7,11.17,158,1
79.1,7.1,24.03,0.8,4.7,11.17,158,1
79.1,7.1,24.03,0.8,4.7,11.17,158,1
79.1,7.1,24.03,0.8,4.7,11.17,158,1
79.1,7.1,24.03,0.8,4.7,11.17,158,1
79.1,7.1,24.03,0.8,4.7,11.17,158,1
79.1,7.1,24.03,0.8,4.7,11.17,158,1
79.1,7.1,24.03,0.8,4.7,11.17,158,1
79.1,7.1,24.03,0.8,4.7,11.17,158,1
82,6,26.09,0.7,3.8,10.45,151,1
82,6,26.09,0.7,3.8,10.45,151,1
82,6,26.09,0.7,3.8,10.45,151,1
82,6,26.09,0.7,3.8,10.45,151,1
82,6,26.09,0.7,3.8,10.45,151,1
82,6,26.09,0.7,3.8,10.45,151,1
82,6,26.09,0.7,3.8,10.45,151,1
82,6,26.09,0.7,3.8,10.45,151,1
82,6,26.09,0.7,3.8,10.45,151,1
82,6,26.09,0.7,3.8,10.45,151,1
82,6,26.09,0.7,3.8,10.45,151,1
82,6,26.09,0.7,3.8,10.45,151,1
78,5.9,26.58,0.9,3.1,10.44,152,1
71.1,8.3,12.33,0.9,6.9,11.11,170,1
71.1,8.3,12.33,0.9,6.9,11.11,170,1
71.1,8.3,12.33,0.9,6.9,11.11,170,1
82,6,26.09,0.7,3.8,10.45,151,1
82,6,26.09,0.7,3.8,10.45,151,1
82,6,26.09,0.7,3.8,10.45,151,1
73.6,7.7,14.72,0.8,6.5,10.6,150,1
73.6,7.7,14.72,0.8,6.5,10.6,150,1
73.6,7.7,14.72,0.8,6.5,10.6,150,1
71.1,8.3,12.33,0.9,6.9,11.11,170,1
71.1,8.3,12.33,0.9,6.9,11.11,170,1
71.1,8.3,12.33,0.9,6.9,11.11,170,1
71.1,8.3,12.33,0.9,6.9,11.11,170,1
71.1,8.3,12.33,0.9,6.9,11.11,170,1
81,6.6,24.49,0.8,4.4,10.8,131,1
81,6.6,24.49,0.8,4.4,10.8,131,1
81,6.6,24.49,0.8,4.4,10.8,131,1
81,6.6,24.49,0.8,4.4,10.8,131,1
81,6.6,24.49,0.8,4.4,10.8,131,1
81,6.6,24.49,0.8,4.4,10.8,131,1
81,6.6,24.49,0.8,4.4,10.8,131,1
81,6.6,24.49,0.8,4.4,10.8,131,1
81,6.6,24.49,0.8,4.4,10.8,131,1
81,6.6,24.49,0.8,4.4,10.8,131,1
81,6.6,24.49,0.8,4.4,10.8,131,1
81,6.6,24.49,0.8,4.4,10.8,131,1
81,6.6,24.49,0.8,4.4,10.8,131,1
81,6.6,24.49,0.8,4.4,10.8,131,1
81,6.6,24.49,0.8,4.4,10.8,131,1
81,6.6,24.49,0.8,4.4,10.8,131,1
81,6.6,24.49,0.8,4.4,10.8,131,1
81,6.6,24.49,0.8,4.4,10.8,131,1
81,6.6,24.49,0.8,4.4,10.8,131,1
81,6.6,24.49,0.8,4.4,10.8,131,1
81,6.6,24.49,0.8,4.4,10.8,131,1
81,6.6,24.49,0.8,4.4,10.8,131,1
81,6.6,24.49,0.8,4.4,10.8,131,1
81,6.6,24.49,0.8,4.4,10.8,131,1
81,6.6,24.49,0.8,4.4,10.8,131,1
81,6.6,24.49,0.8,4.4,10.8,131,1
81,6.6,24.49,0.8,4.4,10.8,131,1
81,6.6,24.49,0.8,4.4,10.8,131,1
81,6.6,24.49,0.8,4.4,10.8,131,1
81,6.6,24.49,0.8,4.4,10.8,131,1
81,6.6,24.49,0.8,4.4,10.8,131,1
81,6.6,24.49,0.8,4.4,10.8,131,1
82,6,26.09,0.7,3.8,10.45,151,1
82,6,26.09,0.7,3.8,10.45,151,1
82,6,26.09,0.7,3.8,10.45,151,1
82,6,26.09,0.7,3.8,10.45,151,1
82,6,26.09,0.7,3.8,10.45,151,1
82,6,26.09,0.7,3.8,10.45,151,1
82,6,26.09,0.7,3.8,10.45,151,1
82,6,26.09,0.7,3.8,10.45,151,1
82,6,26.09,0.7,3.8,10.45,151,1
82,6,26.09,0.7,3.8,10.45,151,1
82,6,26.09,0.7,3.8,10.45,151,1
81.2,6.3,27.14,0.8,3.4,10.57,144,1
82,6,26.09,0.7,3.8,10.45,151,1
82,6,26.09,0.7,3.8,10.45,151,1
82,6,26.09,0.7,3.8,10.45,151,1
82,6,26.09,0.7,3.8,10.45,151,1
79.1,7.1,24.03,0.8,4.7,11.17,158,1
79.1,7.1,24.03,0.8,4.7,11.17,158,1
79.1,7.1,24.03,0.8,4.7,11.17,158,1
73.6,7.7,14.72,0.8,6.5,10.6,150,1
71.8,7,13.65,0.8,6.4,9.73,147,1
78,5.9,26.58,0.9,3.1,10.44,152,1
78,5.9,26.58,0.9,3.1,10.44,152,1
78,5.9,26.58,0.9,3.1,10.44,152,1
78,5.9,26.58,0.9,3.1,10.44,152,1
81,6.6,24.49,0.8,4.4,10.8,131,1
81,6.6,24.49,0.8,4.4,10.8,131,1
81,6.6,24.49,0.8,4.4,10.8,131,1
81,6.6,24.49,0.8,4.4,10.8,131,1
81,6.6,24.49,0.8,4.4,10.8,131,1
81,6.6,24.49,0.8,4.4,10.8,131,1
81,6.6,24.49,0.8,4.4,10.8,131,1
81,6.6,24.49,0.8,4.4,10.8,131,1
81,6.6,24.49,0.8,4.4,10.8,131,1
81,6.6,24.49,0.8,4.4,10.8,131,1
81,6.6,24.49,0.8,4.4,10.8,131,1
81,6.6,24.49,0.8,4.4,10.8,131,1
81,6.6,24.49,0.8,4.4,10.8,131,1
81,6.6,24.49,0.8,4.4,10.8,131,1
81,6.6,24.49,0.8,4.4,10.8,131,1
81,6.6,24.49,0.8,4.4,10.8,131,1
81,6.6,24.49,0.8,4.4,10.8,131,1
81,6.6,24.49,0.8,4.4,10.8,131,1
81,6.6,24.49,0.8,4.4,10.8,131,1
81,6.6,24.49,0.8,4.4,10.8,131,1
81,6.6,24.49,0.8,4.4,10.8,131,1
81,6.6,24.49,0.8,4.4,10.8,131,1
81,6.6,24.49,0.8,4.4,10.8,131,1
81,6.6,24.49,0.8,4.4,10.8,131,1
81,6.6,24.49,0.8,4.4,10.8,131,1
81,6.6,24.49,0.8,4.4,10.8,131,1
81,6.6,24.49,0.8,4.4,10.8,131,1
81,6.6,24.49,0.8,4.4,10.8,131,1
81,6.6,24.49,0.8,4.4,10.8,131,1
81,6.6,24.49,0.8,4.4,10.8,131,1
81,6.6,24.49,0.8,4.4,10.8,131,1
78,7.3,23.68,0.8,4.8,11.21,191,1
78,5.9,26.58,0.9,3.1,10.44,152,1
78,5.9,26.58,0.9,3.1,10.44,152,1
78,5.9,26.58,0.9,3.1,10.44,152,1
78,5.9,26.58,0.9,3.1,10.44,152,1
71.1,8.3,12.33,0.9,6.9,11.11,170,1
78,7.3,23.68,0.8,4.8,11.21,191,1
78,7.3,23.68,0.8,4.8,11.21,191,1
71.9,8.4,8.31,1.1,7.5,10.82,155,1
71.9,8.4,8.31,1.1,7.5,10.82,155,1
71.9,8.4,8.31,1.1,7.5,10.82,155,1
71.9,8.4,8.31,1.1,7.5,10.82,155,1
81,6.6,24.49,0.8,4.4,10.8,131,1
81,6.6,24.49,0.8,4.4,10.8,131,1
81,6.6,24.49,0.8,4.4,10.8,131,1
71.1,8.3,12.33,0.9,6.9,11.11,170,1
81,6.6,24.49,0.8,4.4,10.8,131,1
81,6.6,24.49,0.8,4.4,10.8,131,1
81,6.6,24.49,0.8,4.4,10.8,131,1
81,6.6,24.49,0.8,4.4,10.8,131,1
81,6.6,24.49,0.8,4.4,10.8,131,1
81,6.6,24.49,0.8,4.4,10.8,131,1
81,6.6,24.49,0.8,4.4,10.8,131,1
71.1,8.3,12.33,0.9,6.9,11.11,170,1
71.1,8.3,12.33,0.9,6.9,11.11,170,1
71.1,8.3,12.33,0.9,6.9,11.11,170,1
71.1,8.3,12.33,0.9,6.9,11.11,170,1
71.1,8.3,12.33,0.9,6.9,11.11,170,1
71.1,8.3,12.33,0.9,6.9,11.11,170,1
81,6.6,24.49,0.8,4.4,10.8,131,1
81,6.6,24.49,0.8,4.4,10.8,131,1
81,6.6,24.49,0.8,4.4,10.8,131,1
71.8,7,13.65,0.8,6.4,9.73,147,1
71.8,7,13.65,0.8,6.4,9.73,147,1
71.9,8.4,8.31,1.1,7.5,10.82,155,1
71.9,8.4,8.31,1.1,7.5,10.82,155,1
81,6.6,24.49,0.8,4.4,10.8,131,1
81,6.6,24.49,0.8,4.4,10.8,131,1
81,6.6,24.49,0.8,4.4,10.8,131,1
81,6.6,24.49,0.8,4.4,10.8,131,1
81,6.6,24.49,0.8,4.4,10.8,131,1
81,6.6,24.49,0.8,4.4,10.8,131,1
81,6.6,24.49,0.8,4.4,10.8,131,1
81,6.6,24.49,0.8,4.4,10.8,131,1
81,6.6,24.49,0.8,4.4,10.8,131,1
81,6.6,24.49,0.8,4.4,10.8,131,1
81,6.6,24.49,0.8,4.4,10.8,131,1
81,6.6,24.49,0.8,4.4,10.8,131,1
81,6.6,24.49,0.8,4.4,10.8,131,1
81,6.6,24.49,0.8,4.4,10.8,131,1
81,6.6,24.49,0.8,4.4,10.8,131,1
81,6.6,24.49,0.8,4.4,10.8,131,1
71.8,7,13.65,0.8,6.4,9.73,147,1
79.1,7.1,24.03,0.8,4.7,11.17,158,1
79.1,7.1,24.03,0.8,4.7,11.17,158,1
79.1,7.1,24.03,0.8,4.7,11.17,158,1
79.1,7.1,24.03,0.8,4.7,11.17,158,1
79.1,7.1,24.03,0.8,4.7,11.17,158,1
79.1,7.1,24.03,0.8,4.7,11.17,158,1
79.1,7.1,24.03,0.8,4.7,11.17,158,1
79.1,7.1,24.03,0.8,4.7,11.17,158,1
79.1,7.1,24.03,0.8,4.7,11.17,158,1
79.1,7.1,24.03,0.8,4.7,11.17,158,1
79.1,7.1,24.03,0.8,4.7,11.17,158,1
79.1,7.1,24.03,0.8,4.7,11.17,158,1
81,6.6,24.49,0.8,4.4,10.8,131,1
81,6.6,24.49,0.8,4.4,10.8,131,1
81,6.6,24.49,0.8,4.4,10.8,131,1
82,6,26.09,0.7,3.8,10.45,151,1
71.1,8.3,12.33,0.9,6.9,11.11,170,1
73.6,7.7,14.72,0.8,6.5,10.6,150,1
73.6,7.7,14.72,0.8,6.5,10.6,150,1
73.6,7.7,14.72,0.8,6.5,10.6,150,1
71.1,8.3,12.33,0.9,6.9,11.11,170,1
71.1,8.3,12.33,0.9,6.9,11.11,170,1
71.1,8.3,12.33,0.9,6.9,11.11,170,1
79.1,7.1,24.03,0.8,4.7,11.17,158,1
79.1,7.1,24.03,0.8,4.7,11.17,158,1
81,6.6,24.49,0.8,4.4,10.8,131,1
81,6.6,24.49,0.8,4.4,10.8,131,1
81,6.6,24.49,0.8,4.4,10.8,131,1
81,6.6,24.49,0.8,4.4,10.8,131,1
81,6.6,24.49,0.8,4.4,10.8,131,1
81,6.6,24.49,0.8,4.4,10.8,131,1
81,6.6,24.49,0.8,4.4,10.8,131,1
81,6.6,24.49,0.8,4.4,10.8,131,1
73.6,7.7,14.72,0.8,6.5,10.6,150,1
73.6,7.7,14.72,0.8,6.5,10.6,150,1
71.1,8.3,12.33,0.9,6.9,11.11,170,1
71.1,8.3,12.33,0.9,6.9,11.11,170,1
71.1,8.3,12.33,0.9,6.9,11.11,170,1
82,6,26.09,0.7,3.8,10.45,151,1
82,6,26.09,0.7,3.8,10.45,151,1
82,6,26.09,0.7,3.8,10.45,151,1
82,6,26.09,0.7,3.8,10.45,151,1
82,6,26.09,0.7,3.8,10.45,151,1
82,6,26.09,0.7,3.8,10.45,151,1
78,5.9,26.58,0.9,3.1,10.44,152,1
78,5.9,26.58,0.9,3.1,10.44,152,1
78,5.9,26.58,0.9,3.1,10.44,152,1
78,5.9,26.58,0.9,3.1,10.44,152,1
73.6,7.7,14.72,0.8,6.5,10.6,150,1
73.6,7.7,14.72,0.8,6.5,10.6,150,1
73.6,7.7,14.72,0.8,6.5,10.6,150,1
73.6,7.7,14.72,0.8,6.5,10.6,150,1
73.6,7.7,14.72,0.8,6.5,10.6,150,1
73.6,7.7,14.72,0.8,6.5,10.6,150,1
73.6,7.7,14.72,0.8,6.5,10.6,150,1
73.6,7.7,14.72,0.8,6.5,10.6,150,1
73.6,7.7,14.72,0.8,6.5,10.6,150,1
73.6,7.7,14.72,0.8,6.5,10.6,150,1
73.6,7.7,14.72,0.8,6.5,10.6,150,1
73.6,7.7,14.72,0.8,6.5,10.6,150,1
73.6,7.7,14.72,0.8,6.5,10.6,150,1
73.6,7.7,14.72,0.8,6.5,10.6,150,1
73.6,7.7,14.72,0.8,6.5,10.6,150,1
73.6,7.7,14.72,0.8,6.5,10.6,150,1
73.6,7.7,14.72,0.8,6.5,10.6,150,1
73.6,7.7,14.72,0.8,6.5,10.6,150,1
73.6,7.7,14.72,0.8,6.5,10.6,150,1
73.6,7.7,14.72,0.8,6.5,10.6,150,1
73.6,7.7,14.72,0.8,6.5,10.6,150,1
73.6,7.7,14.72,0.8,6.5,10.6,150,1
73.6,7.7,14.72,0.8,6.5,10.6,150,1
73.6,7.7,14.72,0.8,6.5,10.6,150,1
73.6,7.7,14.72,0.8,6.5,10.6,150,1
73.6,7.7,14.72,0.8,6.5,10.6,150,1
73.6,7.7,14.72,0.8,6.5,10.6,150,1
73.6,7.7,14.72,0.8,6.5,10.6,150,1
73.6,7.7,14.72,0.8,6.5,10.6,150,1
78,7.3,23.68,0.8,4.8,11.21,191,1
71.9,8.4,8.31,1.1,7.5,10.82,155,1
71.9,8.4,8.31,1.1,7.5,10.82,155,1
71.9,8.4,8.31,1.1,7.5,10.82,155,1
79.1,7.1,24.03,0.8,4.7,11.17,158,1
71.1,8.3,12.33,0.9,6.9,11.11,170,1
73.6,7.7,14.72,0.8,6.5,10.6,150,1
82,6,26.09,0.7,3.8,10.45,151,1
81,6.6,24.49,0.8,4.4,10.8,131,1
71.1,8.3,12.33,0.9,6.9,11.11,170,1
71.1,8.3,12.33,0.9,6.9,11.11,170,1
71.1,8.3,12.33,0.9,6.9,11.11,170,1
71.1,8.3,12.33,0.9,6.9,11.11,170,1
71.1,8.3,12.33,0.9,6.9,11.11,170,1
72.5,7.5,23.8,0.8,4.7,11.5,181,1
71.9,8.4,8.31,1.1,7.5,10.82,155,1
71.9,8.4,8.31,1.1,7.5,10.82,155,1
79.1,7.1,24.03,0.8,4.7,11.17,158,1
79.1,7.1,24.03,0.8,4.7,11.17,158,1
79.1,7.1,24.03,0.8,4.7,11.17,158,1
79.1,7.1,24.03,0.8,4.7,11.17,158,1
79.1,7.1,24.03,0.8,4.7,11.17,158,1
79.1,7.1,24.03,0.8,4.7,11.17,158,1
79.1,7.1,24.03,0.8,4.7,11.17,158,1
82,6,26.09,0.7,3.8,10.45,151,1
82,6,26.09,0.7,3.8,10.45,151,1
82,6,26.09,0.7,3.8,10.45,151,1
82,6,26.09,0.7,3.8,10.45,151,1
81,6.6,24.49,0.8,4.4,10.8,131,1
81,6.6,24.49,0.8,4.4,10.8,131,1
81,6.6,24.49,0.8,4.4,10.8,131,1
82,6,26.09,0.7,3.8,10.45,151,1
71.9,8.4,8.31,1.1,7.5,10.82,155,1
71.9,8.4,8.31,1.1,7.5,10.82,155,1
71.9,8.4,8.31,1.1,7.5,10.82,155,1
71.9,8.4,8.31,1.1,7.5,10.82,155,1
71.9,8.4,8.31,1.1,7.5,10.82,155,1
71.9,8.4,8.31,1.1,7.5,10.82,155,1
71.9,8.4,8.31,1.1,7.5,10.82,155,1
81,6.6,24.49,0.8,4.4,10.8,131,1
81,6.6,24.49,0.8,4.4,10.8,131,1
81,6.6,24.49,0.8,4.4,10.8,131,1
81,6.6,24.49,0.8,4.4,10.8,131,1
81,6.6,24.49,0.8,4.4,10.8,131,1
81,6.6,24.49,0.8,4.4,10.8,131,1
81,6.6,24.49,0.8,4.4,10.8,131,1
81,6.6,24.49,0.8,4.4,10.8,131,1
81,6.6,24.49,0.8,4.4,10.8,131,1
81,6.6,24.49,0.8,4.4,10.8,131,1
81,6.6,24.49,0.8,4.4,10.8,131,1
81,6.6,24.49,0.8,4.4,10.8,131,1
81,6.6,24.49,0.8,4.4,10.8,131,1
81,6.6,24.49,0.8,4.4,10.8,131,1
81,6.6,24.49,0.8,4.4,10.8,131,1
71.1,8.3,12.33,0.9,6.9,11.11,170,1
71.1,8.3,12.33,0.9,6.9,11.11,170,1
71.1,8.3,12.33,0.9,6.9,11.11,170,1
71.1,8.3,12.33,0.9,6.9,11.11,170,1
71.1,8.3,12.33,0.9,6.9,11.11,170,1
71.1,8.3,12.33,0.9,6.9,11.11,170,1
71.1,8.3,12.33,0.9,6.9,11.11,170,1
58.6,8.9,2.6,1.9,9.2,14.12,215,0
65.5,7.8,1.66,1.8,9.2,12.31,181,0
66.5,6.6,2.31,1.7,8.6,6.13,151,0
74,5.4,6.71,1.6,6.6,9.06,163,0
76.6,4.7,4.45,1.6,7,9.03,174,0
79.4,4.7,3.91,1.5,7.3,9.05,195,0
81.8,4.4,3.56,1.5,7.5,8.62,174,0
86.3,3.4,1.91,1.4,8.1,8.27,156,0
85.9,3.4,2.75,1.5,7.4,8.11,175,0
88.5,3.8,1.66,1.5,7.8,8.15,169,0
90.3,4,1.31,1.5,7.9,7.9,168,0
90.6,3.8,0.83,1.5,8.3,9.06,165,0
83.7,3.9,1.91,1.4,7.9,9.49,155,0
85,4,2.6,1.4,7.7,8.62,155,0
81.5,3.8,3.06,1.5,7.3,8.5,150,0
56.1,7.8,0.74,1.8,10.4,16.14,195,0
62.7,6.8,1.11,1.8,9.5,13.37,180,0
72.2,4.9,0,1.8,10.2,10.19,178,0
78.3,3.9,0,1.9,10.2,9.98,160,0
79,3.7,0,1.8,9.3,8.88,154,0
81.4,3.8,0,1.7,9.4,8.86,137,0
84.8,3.7,0.01,1.6,9.5,8.37,162,0
86.3,3.6,0.74,1.5,8.7,8.57,173,0
87.8,3.7,0.52,1.5,8.9,8.08,169,0
88.6,3.8,0.52,1.5,8.9,8.3,175,0
89.1,3.9,0.39,1.5,8.9,8.06,170,0
87.1,3.9,0.45,1.5,8.9,8.77,147,0
88.9,4.4,1.66,1.4,8.5,2.6,159,0
86.2,4.5,1.78,1.4,8.5,7.62,148,0
82.2,4.3,2.04,1.5,8.3,7.04,152,0
58.7,7.6,0,1.9,12.1,17.87,147,0
64.1,6.5,0,2,12.1,14.75,150,0
71.1,5,0,1.9,11.3,12.4,183,0
78.8,4.1,0,2,10.2,11.15,149,0
77.9,3.7,0,2,11.8,9.27,161,0
81.4,3.6,0,1.8,11.6,8.34,142,0
84.8,3.2,0,1.7,10.8,8.66,162,0
86.3,3.3,0,1.6,9.9,8.61,160,0
87.8,3.6,0.28,1.5,9.1,8.62,163,0
87.2,4.3,0.23,1.5,9.6,8.17,140,0
86.4,4,0.15,1.5,9.7,7.82,157,0
85.2,4.2,0.39,1.5,9.5,8.41,177,0
86.7,4.2,1.31,1.4,9.1,8.16,151,0
84.6,4.4,1.54,1.4,9,6.53,153,0
82.3,4.4,1.78,1.4,8.8,5.68,149,0
62.3,6.8,0,2,12.3,14.82,154,0
73.5,5.6,0,2,11.9,13.14,138,0
77.4,4.6,0,2,11.1,11.63,162,0
76.3,3.9,0,2,9.2,12.64,195,0
79.7,3.4,0,1.9,11.7,9.39,143,0
83.4,3,0,1.8,11.9,8.89,147,0
86.1,3,0,1.7,11.1,8.78,148,0
86.2,3.3,0,1.6,10.1,8.51,152,0
86.3,3.8,0.06,1.6,9.9,7.56,168,0
82.5,4.2,0.23,1.6,9.8,6.98,183,0
85.6,4.1,0.45,1.5,9.5,7.53,103,0
85.6,4.1,0.59,1.4,9.8,7.18,141,0
84.9,4.9,0.52,1.4,10.3,6.63,144,0
83.6,5,0.59,1.5,10.1,4.96,144,0
66.9,6.5,0,2.1,12.7,12.45,133,0
72.6,5.6,0,2,12.3,10.91,164,0
73.7,4.2,0,2,10.9,12.64,156,0
77.9,3.7,0,2,11.2,11.21,182,0
82,2.8,0,1.9,12.2,9.4,152,0
82.7,2.5,0,1.8,11.9,9.17,147,0
85.9,2.8,0,1.7,11.4,7.06,154,0
81.6,3.4,0,1.6,10.9,6.46,149,0
81.6,3.8,0,1.6,10.5,7.51,150,0
72,4.2,0,2,11.1,12.32,122,0
73,3.5,0,2,11.3,10.27,159,0
78.8,2.6,0,1.8,11.9,9.14,145,0
82.7,2.8,0,1.7,11.8,6.15,145,0
79,3.3,0,1.8,11.9,6.09,147,0
65,4.7,0,2.2,12.5,13.18,176,0
67.8,4.5,0,2.1,12.2,9.91,169,0
71.7,3.8,0,2,12.5,8.29,144,0
77,3.9,0,1.9,12.5,5.4,147,0
61.4,6.8,0,2.2,12.6,11.12,198,0
62,6.1,0,2.2,13.1,8.44,156,0
65.8,5.1,0,2.2,13.4,7.27,145,0
51.8,8.4,0,2.2,12.9,10.16,165,0
55.8,7.9,0,2.3,13.3,8.74,168,0
56.4,7.4,0,2.3,13.8,6.96,167,0
59.8,6.5,0,2.3,13.9,5.26,148,0
72.7,5.4,0,2,13.7,5.31,147,0
73.5,5.9,0,1.9,12.7,7.01,170,0
51.6,8.6,0,2.5,13.7,5.43,145,0
71.5,5.5,0,2.1,13.8,5.71,165,0
72,5.7,0,2,13.1,7.67,163,0
48.3,9,0,2.6,14,3.4,156,0
43.2,10,0,2.6,14.2,2.6,123,0
48.1,8.5,0,2.6,14,2.16,161,0
45.8,9,0,2.6,14.2,1.47,180,0
48.6,6.9,0,2.6,15.3,1.64,145,0
47.2,7.5,0,2.5,15,1.56,126,0
50.4,4.7,0,2.4,16.7,2.08,145,0
48.8,6.9,0,2.4,15.2,2.41,161,0
53.1,5.4,0,2.4,16.4,3.23,178,0
49.4,8.4,0,2.4,14.8,2.63,160,0
51.1,6.7,0,2.4,16.1,3.72,183,0
53.1,5,0,2.6,17.8,3.55,130,0
49.1,7.6,0,2.4,16,3.5,190,0
51.9,6,0,2.4,17.6,4.34,180,0
54.2,4.6,0,2.6,19,4.77,151,0
48.1,7.8,0,2.5,17.1,3.02,170,0
51.1,6.8,0,2.4,16.9,4.44,181,0
52.8,5.2,0,2.6,18.4,4.71,159,0
48.3,8,0,2.7,18.4,2.84,164,0
50.2,7,0,2.5,17.9,4.34,182,0
53,5.4,0,2.6,19,4.66,143,0
47.2,7.8,0,2.9,20.3,2.99,159,0
49.2,6.6,0,2.7,19.9,3.95,160,0
51.2,5.6,0,2.6,20,4.7,160,0
48.2,7.8,0,3.1,21.5,2.86,158,0
51.1,7,0,2.8,20.4,4.64,178,0
51.8,5.7,0,2.8,20.9,4.8,140,0
53.7,4.7,0,2.9,21.2,4.8,147,0
50.3,8,0,3.1,21.2,3.99,168,0
51.6,7.1,0,2.8,20.8,5,169,0
53.2,6.3,0,2.7,20.8,5.6,180,0
54.8,5.2,0,2.9,21.3,5.6,100,0
51.1,9.1,0,3.2,21.3,4.02,180,0
52.4,8.3,0,2.9,20.7,5.1,188,0
53.7,7.7,0,2.7,20,5.9,170,0
55,7,0,2.6,19.7,6.7,161,0
53,9.5,0,3.5,23.1,3.59,145,0
54.5,8.6,0,3.3,22.4,4.2,164,0
55.7,8.1,0,3,20.9,5.9,180,0
57,7.5,0,2.7,20.1,6.7,165,0
56.8,6.5,0,2.8,21.3,6.8,116,0
53.8,9.7,0,3.7,24,3.8,145,0
56.8,9.4,0,3.5,23.4,4.4,148,0
60.4,8,0,3.3,23,5.2,147,0
59.4,7.3,0,3,21.8,6.3,156,0
59.1,6.3,0,3.1,22.7,6.8,140,0
59.8,5.7,0,3,23.1,6.9,140,0
50,8.7,0,3.8,25.3,3.94,145,0
54.3,8.9,0,3.7,24.8,4.4,147,0
58.9,9.1,0,3.6,24.2,5,145,0
62,8.8,0,3.5,23.7,5.6,145,0
62,6.7,0,3.3,23.4,6.2,160,0
62.7,5.9,0,3.2,23.7,6.9,143,0
52.7,8,0,3.7,25.7,5.25,145,0
54.6,8,0,3.7,25.4,5.59,147,0
58,7.9,0,3.6,25.1,6,145,0
61.3,7.8,0,3.6,24.6,6.3,147,0
55.3,7.5,0,3.7,25.6,7.2,145,0
61.1,7.4,0,3.6,25.3,7.4,145,0
64.2,6.8,0,3.5,25,7.9,147,0
58.4,7.1,0,3.7,25.9,8.6,147,0
63.8,6.8,0,3.5,25.8,9,144,0
76,7.3,22.97,0.6,5.6,8.09,170,0
78.1,7,20.27,0.6,6.1,8.99,150,0
78,7.2,18.71,0.7,6.4,9.74,153,0
72.9,6.7,18.19,0.7,6.3,10.47,154,0
74.7,6.8,18.98,0.7,6.2,11.14,148,0
75.1,6.8,18.19,0.7,6.2,14.53,206,0
75.2,6.1,24.49,0.7,4.6,14.86,198,0
76.4,6.1,24.26,0.7,4.7,15.35,188,0
76.4,5.7,23.56,0.7,4.7,15.22,150,0
75,5.6,22.01,0.9,4.6,15.41,190,0
76.2,5.2,9.77,1.1,6.2,15.84,137,0
68.3,6.9,9.03,1.2,6,11.2,153,0
65.2,9.3,29.37,0.6,3.3,8.7,112,0
66.4,9.8,30.78,0.5,2.7,8.37,149,0
68.9,9.6,30.84,0.4,2.8,8.85,197,0
72.3,9.9,30.93,0.4,2.6,9.31,210,0
74.7,8.9,29.49,0.4,3.6,9.07,181,0
75.9,7.7,25.36,0.6,4.8,8.09,148,0
72.7,6.9,22.25,0.8,5.2,8.97,161,0
74.9,6.9,18.19,0.7,6.4,9.76,160,0
78.4,6.8,18.19,0.7,6.4,11.23,153,0
73.9,7.5,17.13,0.7,6.8,12.59,151,0
72.7,6.9,15.26,0.8,7,13.2,158,0
74.5,6.4,12.6,0.9,7.2,13.43,153,0
75.4,6.1,9.77,0.9,7.6,14.43,153,0
75.4,6.3,13.12,0.8,6.3,14.41,177,0
69.7,5.6,21.02,0.6,5.4,13.1,160,0
72.3,6.3,24.26,0.6,4.9,13.48,143,0
74.8,6.2,25.15,0.6,4.5,13.84,148,0
76.1,6,25.88,0.6,4.1,14.46,185,0
74.9,5.6,25.15,0.6,4.2,15.24,195,0
74.4,5.9,24.15,0.7,4.4,15.38,209,0
74.3,6,19.75,0.8,5.1,15.1,159,0
74.2,6.1,19.5,0.8,5.1,15.05,173,0
75.3,6.1,11.81,1,5.9,14.44,161,0
73.7,6.2,5.85,1.1,6.9,14.11,147,0
62.8,7.5,20.27,0.8,4.9,9.77,190,0
62.4,8.3,27.5,0.6,3.6,8.27,124,0
60.7,9.9,30.73,0.5,2.6,8.28,202,0
61.6,10.3,31,0.4,2.1,8.81,152,0
65.3,10.1,31,0.4,2.2,8.96,200,0
67.4,9.8,31,0.5,1.7,9.3,203,0
74.8,9.5,30.52,0.4,3.2,9.2,197,0
76,8.2,26.87,0.5,4.4,8.08,155,0
71,6.8,14.99,0.8,6.8,10.88,169,0
73.4,7.2,18.19,0.8,6.4,12.05,166,0
75.3,6.9,15.26,0.9,6.7,13.13,152,0
77.5,7.2,13.39,0.9,6.7,14.02,138,0
76.5,7.2,20.52,0.7,5.6,13.88,160,0
74.6,7.7,22.97,0.7,5.4,13.86,187,0
72.9,7.1,25.57,0.7,4.3,12.89,187,0
71.6,6.7,25.04,0.6,4.5,12.77,174,0
73.4,6.8,26.58,0.6,3.9,13.13,161,0
74.5,6.6,26.96,0.6,3.8,13.74,176,0
74.3,6.1,25.99,0.6,4.1,14.25,134,0
74.3,6,25.04,0.6,4.3,14.91,157,0
74.3,6.5,23.21,0.6,4.9,15.18,137,0
74.2,6.7,24.26,0.7,4.5,15.71,183,0
74,6.8,23.56,0.7,4.6,15.39,176,0
75.1,6.9,23.68,0.8,4.4,15.39,130,0
74.8,7.3,23.68,0.8,4.4,13.55,181,0
73.3,8.1,24.82,0.8,4.3,13.37,159,0
72.8,8.7,25.36,0.7,4.2,13.14,199,0
71,7.9,26.39,0.7,3.7,12.96,192,0
69.4,7.9,25.47,0.7,4,12.55,186,0
66.6,8.2,25.99,0.7,3.8,11.2,200,0
63.6,9,26.58,0.7,3.8,10.22,218,0
62,8.8,27.67,0.6,3.7,10.6,162,0
60.9,9,30.25,0.7,2.2,9.91,225,0
60.5,8.9,30.62,0.8,1.7,8.73,110,0
60.1,8.9,29.18,0.7,2.8,7.67,207,0
59.7,9.6,30.45,0.5,2.8,7.77,175,0
59.4,10.1,31,0.4,2.5,8.81,221,0
61.6,9.4,30.98,0.4,2.7,9.03,194,0
71.3,9.9,30.95,0.3,3.1,9.51,176,0
67.4,9.4,31,0.5,1.6,10.88,213,0
68.5,9.4,30.93,0.5,2,11.9,119,0
71.5,7.1,15.26,1,6.5,12.51,174,0
73.9,7.2,13.39,1,6.8,13.16,147,0
76.6,7.1,12.07,0.9,7.2,13.22,155,0
76.2,7.6,12.07,1,7.2,13.37,144,0
75,8,12.6,0.9,7.1,12.82,150,0
74.3,7.7,17.66,0.9,6.1,12.94,139,0
75.9,7.3,17.66,0.8,6.1,12.83,168,0
77.3,7.3,20.77,0.7,5.7,12.85,183,0
76.4,7.2,23.45,0.7,5,13.05,170,0
74.2,7.4,24.6,0.7,4.6,12.74,196,0
73.3,7.4,24.71,0.6,4.7,12.54,192,0
74.9,7.7,24.93,0.7,4.6,12.33,138,0
74.2,7.3,25.78,0.7,4.2,12.79,170,0
75.4,6.9,26.39,0.6,4,13.36,198,0
77.9,6.5,24.37,0.6,4.7,13.72,183,0
74.2,6.5,23.68,0.6,4.7,14.59,183,0
74.2,7,24.26,0.7,4.6,15.45,177,0
72.2,7.4,25.25,0.6,4.3,15.86,155,0
73.2,7.5,24.93,0.7,4.4,15.36,170,0
74.1,7.3,25.25,0.7,4.3,14.96,199,0
74.1,7.4,25.88,0.7,4,13.2,199,0
72.6,8.2,27.5,0.7,3.6,12.88,216,0
70.7,8.3,28.17,0.7,3.3,12.84,203,0
71.3,7.5,26.77,0.6,3.7,12.95,190,0
68.5,8.1,28.17,0.7,3,12.26,212,0
65.6,8.4,26.96,0.7,3.7,11.27,149,0
62.7,9.5,28.48,0.6,3.5,11.33,148,0
61.4,10,30.45,0.7,2.3,10.99,198,0
61,8.7,30.8,0.7,1.5,10.73,185,0
60.6,8.5,30.52,0.7,2,9.97,210,0
60.2,8.7,30.03,0.6,2.6,8.95,163,0
61,9.2,30.12,0.5,3,8.7,152,0
60.5,9.6,30.68,0.5,2.9,9.11,150,0
61.4,9.3,30.98,0.4,2.5,9.25,102,0
66.9,9.1,30.17,0.4,3.6,8.79,175,0
69.3,8.8,29.43,0.4,3.6,8.61,157,0
65.2,9.1,30.49,0.5,2.5,10.53,208,0
69.3,5.9,6.49,1.3,7.9,11.46,170,0
69.6,7.5,12.6,1.1,6.9,12.14,191,0
70.8,7.3,14.45,1,6.5,12.42,179,0
73.5,7.7,13.92,0.8,7.1,12.42,171,0
72.5,7.8,16.59,0.8,6.5,12.34,169,0
71.8,8.2,18.45,0.8,6.1,12.15,164,0
73.4,8.5,22.49,0.8,5.5,11.95,193,0
75,8.1,24.15,0.7,5,12.45,195,0
76.6,8,24.15,0.7,5.1,12.31,167,0
76.8,7.5,23.68,0.7,5.1,12.26,194,0
73.4,7.2,23.68,0.7,4.9,11.79,166,0
73.5,7,22.49,0.7,5.2,11.51,157,0
74.3,7.7,23.68,0.7,5.1,11.94,145,0
72.1,7.3,24.6,0.7,4.7,11.66,166,0
75.7,6.9,24.49,0.7,4.7,11.85,194,0
75.7,6.3,23.45,0.7,4.9,13.02,156,0
73.1,6.6,22.73,0.7,5,14.1,182,0
71.9,7,23.91,0.7,4.8,15.36,180,0
71.2,7.8,25.36,0.7,4.4,15.79,172,0
70.9,8.1,26.68,0.6,4.1,14.84,184,0
72.3,7.9,27.41,0.6,3.8,13.67,202,0
72.1,7.2,27.23,0.6,3.8,13.1,167,0
71.6,7.9,28.17,0.6,3.6,12.51,198,0
70.9,8,28.09,0.6,3.5,12.05,197,0
70.2,7.4,27.05,0.7,3.7,12.12,152,0
68.7,7.7,28.09,0.6,3.3,12.09,203,0
65.9,8.8,29.18,0.6,3,12.03,141,0
65.4,9.1,29.88,0.6,2.8,11.54,78,0
64,9.1,29.37,0.6,3.1,10.82,168,0
62.3,9.1,29.88,0.6,2.9,10.07,215,0
61.9,8.1,30.21,0.5,2.7,9.08,209,0
61.5,8.5,30.03,0.5,3,8.29,164,0
62.4,8.6,30.3,0.5,2.8,8.4,206,0
64.4,9.1,30.55,0.5,3,9.01,200,0
62.7,9.3,30.88,0.4,2.7,9.42,189,0
59.4,8.8,30.38,0.5,2.8,8.98,119,0
59.8,8.5,28.32,0.5,3.7,7.4,233,0
62.7,8.3,27.76,0.5,3.8,8.09,176,0
66.2,6,4.45,1.4,8.2,11.39,132,0
64.2,7.3,5.64,1.3,8,11.28,145,0
66.5,8,11.81,1.1,7.1,11.36,131,0
68.2,8.4,14.19,0.9,7,11.28,158,0
68.8,8.2,17.13,0.8,6.4,11.24,178,0
69.5,8.3,18.98,0.8,6.1,11.29,173,0
71.4,8.7,22.25,0.8,5.4,11.2,182,0
72.9,8.5,23.91,0.8,5,11.57,184,0
75.4,8.1,24.26,0.8,4.9,11.68,185,0
75.4,7.5,24.26,0.8,4.8,11.49,177,0
73,7.1,22.73,0.8,5,10.79,179,0
74.1,7.3,22.25,0.8,5.2,10.45,173,0
73.7,7.5,23.56,0.7,5.1,10.34,177,0
72.3,7.3,24.93,0.7,4.6,10.98,167,0
73.4,7,24.15,0.7,4.9,11.52,191,0
72.2,6.5,23.68,0.8,4.8,12.43,180,0
72.1,7.1,24.03,0.7,4.8,14.74,191,0
70.7,7.7,24.15,0.8,4.7,15.04,186,0
70,9.1,26.48,0.7,4.2,14.53,167,0
68.7,9,28.25,0.6,3.7,14.42,215,0
68.8,8.6,27.23,0.6,4.1,12.91,197,0
69.8,8.3,27.76,0.6,4,12.25,198,0
72.1,8.7,28.98,0.6,3.7,11.67,179,0
71.4,8,28.01,0.6,3.7,11.52,207,0
71,6.9,25.99,0.7,4.1,11.71,171,0
67.6,7.8,28.55,0.7,3.1,11.92,107,0
66.1,9.4,29.05,0.6,3.3,11.49,173,0
67.2,10.1,30.08,0.6,2.9,10.96,143,0
66.7,9.6,28.01,0.7,3.4,10.66,161,0
64.9,9.5,29.49,0.6,3,10.4,175,0
64.5,8.6,29.93,0.6,2.9,9.9,164,0
65.4,9,30.08,0.5,3.2,8.97,187,0
64.9,8.1,28.48,0.5,3.8,8.25,184,0
63.2,8,28.91,0.5,3.6,8.81,157,0
59,9,30.03,0.6,3,8.99,144,0
55.5,8.9,30.21,0.6,2.7,8.89,160,0
54.2,8.3,30.03,0.5,2.8,8.31,197,0
57.8,8.5,28.09,0.5,3.8,7.69,183,0
64.7,8.1,9.52,1.2,7.3,10.91,160,0
65.7,9.1,12.86,1,7,10.41,156,0
66.3,8.9,15.79,0.9,6.6,10.1,185,0
66.9,8.5,18.19,0.9,6.1,10.28,156,0
67.9,8.4,19.5,0.9,5.7,10.31,180,0
70.9,8.4,21.52,0.9,5.4,10.4,148,0
74.9,8,23.45,0.9,4.9,10.93,184,0
75.3,7.7,23.45,0.9,4.9,11.26,172,0
73.9,7.2,22.97,0.9,4.7,11.19,124,0
73.4,7.8,23.33,0.8,4.9,10.01,170,0
74.3,8.2,24.26,0.8,4.8,8.94,191,0
72.4,8.2,24.93,0.8,4.7,9.87,174,0
73.6,7.8,24.03,0.7,5.1,10.7,180,0
71,7.5,24.15,0.8,4.8,12.69,170,0
70.8,7.3,23.45,0.9,4.8,13.81,188,0
69.4,7.2,23.8,0.9,4.6,15,183,0
67.6,9,25.88,0.8,4.3,14.71,166,0
67.8,9.7,27.84,0.7,4.1,12.95,208,0
66.5,9.2,28.4,0.6,3.8,12.2,181,0
70,8.5,27.92,0.6,3.9,11.89,210,0
71.1,8.3,28.55,0.6,3.8,11.48,167,0
71.5,7.5,27.92,0.6,3.7,11.32,205,0
69.9,6.6,24.82,0.7,4.5,11.57,162,0
67.8,6.9,25.78,0.6,4.2,11.55,200,0
69.1,8,24.26,0.7,4.8,11.1,200,0
68.6,8.7,25.99,0.6,4.4,10.47,167,0
68.1,8.8,26.19,0.7,4.2,10.77,196,0
67.6,8.7,26.77,0.7,4,10.62,216,0
69.6,8.9,28.98,0.6,3.5,10.47,199,0
69.2,7.8,28.84,0.5,3.6,9.62,182,0
63.7,6.7,26.19,0.7,4,9.29,213,0
60.2,7.2,26.19,0.7,4,8.97,186,0
54.8,7.9,26.77,0.7,4,9.07,209,0
51.6,8.7,29.55,0.5,3.3,9.08,204,0
51.7,9,30.62,0.5,2.5,9.01,217,0
56.6,8.8,29.18,0.5,3.5,8.4,177,0
63,7.5,3.91,1.5,8.3,11.83,143,0
62.5,8.5,6.49,1.4,7.7,11.08,150,0
64.4,9.4,10.02,1.1,7.5,10.25,154,0
64.1,9,14.99,1,6.7,9.94,124,0
65,8.2,14.99,1,6.3,9.54,167,0
66.1,8.4,15.79,1,6.1,9.31,167,0
69.7,8.7,18.71,1,5.7,9.61,171,0
70.6,8.3,21.02,1,5.1,10.27,186,0
73.7,7.6,21.77,0.9,4.9,11.28,138,0
73.1,7.5,22.25,0.9,4.8,12.11,190,0
73.6,8.1,24.15,0.8,4.5,10.44,192,0
74.2,8.4,24.93,0.7,4.6,9.01,186,0
73.6,8.2,24.37,0.8,4.9,9.11,180,0
72.2,7.8,23.8,0.8,5,9.7,182,0
71.1,7.8,23.45,0.8,5,10.89,183,0
69.7,7.1,24.03,0.9,4.5,12.11,194,0
68.4,7.1,24.15,0.9,4.5,14.1,186,0
67.8,7.2,24.71,0.8,4.4,12.23,183,0
68.6,8,26.87,0.7,4.1,11.46,188,0
69.3,8.4,28.48,0.7,3.5,12.73,172,0
70.9,8.3,28.25,0.7,3.5,12.69,132,0
72,8.2,28.84,0.6,3.4,11.59,186,0
71.8,7.5,28.32,0.6,3.4,11.6,208,0
69.2,6.8,25.47,0.7,4.2,11.42,199,0
68.9,6.7,23.91,0.8,4.6,11.17,93,0
67.6,7.3,24.15,0.8,4.6,11.03,118,0
66.9,7.5,16.59,0.9,5.5,10.93,162,0
66.2,8.3,20.27,0.8,5.6,10.37,180,0
66.8,9.1,23.21,0.8,5.6,10.29,146,0
67.5,8.8,24.49,0.7,5.1,10.29,166,0
66.9,8,25.88,0.7,4.4,10.41,193,0
61.2,6.1,24.82,0.8,4.2,10.32,215,0
56.3,6.6,25.99,0.8,3.9,9.67,228,0
51.2,7.6,27.14,0.7,3.9,9.83,190,0
50.5,8.1,29.18,0.6,3.3,9.31,178,0
51.6,8.5,30.3,0.5,2.9,9.1,157,0
59,8.8,28.98,0.5,3.9,8.88,151,0
67.7,7.6,4.84,1.6,8.4,13.03,175,0
59.8,8.8,5.23,1.6,8,11.85,155,0
63.4,8.7,11.04,1.1,7,11.57,158,0
64.1,8.8,13.39,1,6.8,10.84,202,0
65.1,8.4,17.13,1,6,10.15,162,0
66.5,8.7,19.75,1,5.6,9.65,208,0
68,8.6,20.52,1,5.4,9.77,197,0
69.4,8.9,14.99,1.1,6.1,10.13,183,0
71.4,8,21.02,1,5.1,11.5,134,0
73.2,7.7,24.6,0.9,4.3,11.73,154,0
74.9,8,23.56,0.8,4.9,10.92,181,0
72.8,7.3,24.37,0.8,4.6,10.11,172,0
72.3,7.8,23.45,0.8,5.2,8.8,180,0
72.9,8.1,24.26,0.8,5,8.82,181,0
71.9,8.3,24.03,0.9,5,9.22,212,0
70.9,7.8,23.09,0.9,5,9.84,183,0
69.7,6.9,24.6,0.9,4.3,11.31,186,0
69.4,6.7,26.39,0.9,3.6,12.25,71,0
67.6,7.4,20.52,0.9,5,11.9,142,0
69.6,7.2,24.03,0.8,4.7,12.69,182,0
70.3,7.6,25.25,0.7,4.5,12.7,184,0
71.2,8.1,26.39,0.7,4.1,11.77,140,0
69.5,7.5,23.21,0.8,5,12.18,185,0
66.6,7.3,15.52,1,5.8,11.88,161,0
64.2,7.5,12.07,1.1,6.2,11.19,178,0
63.7,7.9,13.65,1.2,6.1,10.87,169,0
63.8,7.9,18.71,1,5.5,10.63,195,0
62.9,8.7,18.45,0.9,6.1,10.7,174,0
63.4,8.2,17.92,1,6,10.58,180,0
62.9,8.3,18.45,1,6,10.89,161,0
61.2,8.2,15.52,1,5.9,11.17,160,0
57.6,7,18.45,0.9,5.3,11.02,202,0
54.7,6.9,24.15,0.8,4.4,10.49,157,0
50.6,7.6,28.63,0.7,3,10.25,187,0
50.2,8.2,29.72,0.6,3,9.04,154,0
56.5,9.5,30.76,0.5,3,9.95,220,0
59.9,9.4,30.52,0.4,3.3,9.33,168,0
61.8,8.4,5.85,1.4,8,12.97,156,0
64.9,8.1,10.78,1.1,7.1,12.88,172,0
64.8,8.8,15.52,1,6.4,11,171,0
65.7,9.4,22.01,1,5.4,10.09,101,0
67.7,9.1,23.45,1,4.9,10.02,166,0
66.3,9.2,18.98,1.1,5.6,9.74,133,0
67.2,8.7,11.29,1.2,6.5,10.98,109,0
70.4,7.8,21.52,0.9,5.1,12.13,164,0
72.1,6.6,24.6,0.8,4.2,11.96,185,0
70,6.8,23.45,0.9,4.7,12.59,189,0
70.5,7.3,23.09,0.9,5.1,11.84,202,0
73.1,7.7,22.97,0.9,5.2,10.21,182,0
72,7.4,24.26,0.9,4.5,10.07,197,0
72.2,6.1,26.96,0.9,3.1,11.47,221,0
67.3,7.2,17.39,1.1,5.4,11.54,120,0
61.4,6.7,2.31,1.4,6.9,11.07,148,0
61.4,7.6,1.11,1.5,7.5,11.75,146,0
65.9,6.8,5.85,1.1,6.9,13.17,145,0
70.9,6.6,14.72,0.9,5.9,13.52,108,0
69.4,7.2,16.06,0.9,5.9,13.65,186,0
67.5,7.6,13.92,1,6.3,12.64,179,0
64.5,8.4,11.81,1.1,6.7,11.78,178,0
62.1,8.2,11.04,1.1,6.7,11.56,167,0
62.9,8.9,12.86,1.1,6.7,10.67,175,0
62.2,9.4,15.52,1.1,6.5,9.96,168,0
61,9.5,14.72,1.1,6.7,10.48,166,0
60.2,8,13.39,1.2,6.3,10.92,163,0
58.2,7.5,12.33,1.3,6.2,11.61,163,0
57.6,8.4,11.81,1.2,6.6,10.85,159,0
56.8,8.6,10.02,1.2,6.9,10.83,164,0
55.1,8.5,16.86,0.9,6.1,10.74,180,0
53.8,7.9,23.56,0.8,5.2,10.64,126,0
54.5,8.5,27.14,0.6,4.4,10.8,202,0
57.8,9.8,29.49,0.5,4,10.47,78,0
60.1,9.4,30.52,0.5,3,10.23,217,0
65.3,7.8,2.75,1.6,8.5,11.63,141,0
63.1,7.8,1.01,1.4,9.3,13.14,123,0
62.5,9.5,3.22,1.3,9,11.86,135,0
63.6,9.7,13.65,1.1,6.9,11.13,183,0
65.8,9.1,24.37,1,4.4,9.97,132,0
64.6,9.3,21.52,1.1,5.1,10.12,210,0
66.6,6.9,5.23,1.3,7.4,13.21,169,0
69.4,6.6,23.09,1,4.6,13.36,176,0
69.4,6.9,23.33,1,4.7,13.85,122,0
70.5,7.4,18.19,1,5.7,12.63,177,0
70.8,6.8,23.45,1,4.5,12.09,141,0
65.9,7.3,9.03,1.3,6.5,12.13,134,0
61.5,8,2.17,1.6,8.4,11.86,145,0
67.3,6.4,4.27,1.3,7.4,14.48,186,0
71.1,6.1,5.64,1.2,7.3,15.11,176,0
70.4,7,9.77,1.1,6.8,14.33,153,0
67.6,7.9,10.27,1.1,7,13.58,169,0
64.6,9.3,11.55,1.2,7.1,12.32,171,0
63.8,9.4,11.04,1.1,7.2,10.88,164,0
63.3,10,12.07,1.1,7.2,10.19,166,0
61.3,10.6,12.6,1.1,7.1,10.25,170,0
59,10.8,13.12,1.1,7.2,10.61,166,0
55.7,9.9,10.78,1.3,7.4,12.59,163,0
54.9,8.9,8.79,1.4,7.4,13.04,162,0
55.4,9,8.08,1.3,7.5,12.42,167,0
56,9.2,9.03,1.2,7.6,12.99,163,0
55.7,9.5,9.52,1,7.9,13.22,162,0
55.8,9.6,15.52,0.8,7.3,12.05,139,0
54.7,8.9,21.27,0.7,6.3,10.98,167,0
56.9,9.1,24.49,0.6,5.7,10.01,167,0
59.4,9.9,27.84,0.6,4.6,9.95,212,0
65.1,9.4,7.38,1.3,7.7,11.34,185,0
69.5,6.4,14.72,1.2,5.8,13.87,81,0
66.8,7,8.79,1.4,6.7,12.99,134,0
64.6,6.8,2.75,1.7,7.6,12.42,113,0
70.5,5.9,3.06,1.4,8.1,15.46,164,0
71.5,6.3,4.84,1.3,7.9,15.94,171,0
72.6,7.2,8.55,1.1,7.6,17.77,171,0
69.1,8.2,9.52,1.2,7.5,14.32,163,0
63.9,8.9,9.77,1.2,7.5,13.07,169,0
61.9,10,10.78,1.2,7.6,11.65,162,0
59.9,10.2,11.04,1.2,7.5,11.94,165,0
57.9,10.5,13.39,1.1,7.2,11.87,169,0
56.2,10.7,14.19,1.2,7,12.52,162,0
53.1,10.5,11.55,1.3,7.5,13.24,158,0
53.6,9.7,10.53,1.3,7.5,13.56,165,0
53,9.5,9.52,1.3,7.4,13.48,162,0
53.7,9.6,8.31,1.2,8,13.65,160,0
54.3,10.1,9.28,1.1,8.3,14.03,161,0
54.5,10.3,10.02,1,8.5,13.97,160,0
53.7,9.9,11.81,0.9,8.1,11.73,176,0
54.8,9.3,16.59,0.8,6.8,10.49,173,0
55.8,9.6,19.24,0.8,6.4,10.13,158,0
71.6,6,4.45,1.4,7.8,18.11,197,0
72.6,6.5,6.71,1.2,7.7,17.44,160,0
71,7.4,7.15,1.2,8,16.38,168,0
66.9,8.2,8.79,1.2,7.7,14.88,163,0
62.3,9.1,9.03,1.3,7.6,13.85,169,0
60.6,10,9.77,1.3,7.7,12.4,160,0
58.1,10.3,10.78,1.3,7.5,11.76,162,0
56.3,10.4,10.78,1.3,7.5,12.43,164,0
54.5,10.6,11.81,1.3,7.4,12.8,163,0
52.6,10,9.28,1.3,7.6,11.6,156,0
50.8,10.2,9.52,1.3,7.7,11.76,159,0
52.8,10.2,7.84,1.4,8.1,11.61,157,0
51,10.3,8.31,1.2,8.3,11.67,159,0
69.9,6.6,3.73,1.6,7.9,17.51,190,0
71.1,7.3,6.06,1.2,8.3,16.7,169,0
67.7,7.7,8.79,1.2,7.8,16.24,175,0
63.6,8.5,11.04,1.2,7.2,14.96,178,0
59.4,9.2,11.29,1.3,7.1,14.05,175,0
56.4,9.6,11.04,1.3,7.1,13.02,172,0
55.4,10.2,13.65,1.3,6.8,11.76,170,0
53.2,10.4,10.78,1.4,7.3,11.72,160,0
51.2,10.4,8.79,1.4,7.7,11.53,158,0
49.4,10.2,8.08,1.4,7.8,11.42,159,0
48.9,10.8,8.31,1.5,7.9,11.43,161,0
48.4,10.6,9.28,1.4,8,11.16,164,0
49.1,10.6,8.79,1.3,8.3,11.22,162,0
67.4,7.4,4.27,1.4,8.7,17.87,171,0
66.8,8.1,8.08,1.3,8,16.1,177,0
62.8,8.8,14.19,1.2,7,14.98,192,0
59,9.1,14.19,1.2,6.7,13.72,170,0
55.1,9.5,13.12,1.3,6.8,13,167,0
53.3,9.8,12.07,1.4,6.8,12.09,163,0
51.4,10.5,9.77,1.5,7.3,11.26,162,0
50.3,10.7,8.55,1.6,7.5,10.93,167,0
48.1,11,8.79,1.6,7.6,10.99,160,0
47.2,11.3,8.79,1.6,7.7,11.55,154,0
45.5,10.9,7.84,1.6,7.7,11.18,157,0
46.4,11,9.03,1.5,7.7,10.71,160,0
46.2,11,9.03,1.4,8.1,10.62,164,0
65.4,8.1,18.71,1,6.5,15.45,93,0
62.6,9,17.13,1.1,6.8,13.82,170,0
59.8,9.5,14.99,1.2,7.1,13.04,170,0
55.9,9.7,13.12,1.3,7.3,12.04,193,0
51.9,10,10.02,1.4,7.7,11.38,170,0
50.2,10.2,10.02,1.4,7.6,10.68,175,0
49.7,10.8,12.07,1.5,7.2,10.18,172,0
48.9,11,11.81,1.6,6.9,9.98,174,0
46.9,11.1,9.77,1.6,7.2,10.04,168,0
44.7,11.6,9.52,1.7,7.4,10.4,169,0
43.9,11.3,8.55,1.6,8.1,10.57,167,0
43.3,11.5,9.28,1.5,8.4,10.08,159,0
44.3,11.5,6.71,1.6,8.3,9.8,159,0
62.1,9.2,17.92,1.1,6.8,13.67,147,0
58.2,10.2,15.26,1.3,7.2,12.59,171,0
55.5,10.2,12.07,1.4,7.5,11.44,171,0
53,10.3,12.6,1.4,7.2,10.16,174,0
50.4,10.5,12.6,1.5,7.1,9.16,174,0
49,10.7,12.33,1.5,7.2,8.88,176,0
48.5,11.1,12.33,1.5,7.3,8.52,176,0
47.6,11.4,11.55,1.6,7.5,8.36,175,0
45.3,11.5,11.29,1.6,7.6,8.43,176,0
44.2,11.6,10.53,1.6,7.8,8.88,170,0
43.3,11.8,10.02,1.6,7.9,9.25,169,0
42.8,11.8,10.27,1.6,8.1,8.98,165,0
42.6,11.7,7.15,1.6,8.6,8.82,158,0
57.4,9.9,10.78,1.4,7.8,11.95,180,0
53.8,10.7,12.07,1.5,7.6,10.88,177,0
52.6,10.7,10.02,1.5,8.2,9.62,167,0
50.1,10.7,9.77,1.5,8,8.22,175,0
49,10.8,11.29,1.5,7.5,7.06,178,0
47.7,10.9,11.29,1.5,7.6,6.84,175,0
47.2,11.5,11.81,1.6,7.6,6.48,178,0
46.2,11.6,11.81,1.5,7.8,6.61,176,0
44.9,11.9,11.04,1.6,7.8,6.43,178,0
42.4,12,10.78,1.6,7.9,6.87,176,0
41.3,11.8,9.52,1.7,8,7.62,167,0
40.8,11.8,8.31,1.7,8.3,7.71,165,0
40.8,12.1,7.61,1.7,8.6,7.53,163,0
55.3,9.5,6.06,1.5,8.8,10.37,177,0
52.9,10.2,14.99,1.4,7.1,9.09,198,0
49.1,10.7,10.53,1.6,7.6,7.73,180,0
46.7,10.9,9.28,1.7,7.8,6.13,176,0
46.2,11.1,9.28,1.7,7.6,6.38,177,0
46,11.2,10.53,1.7,7.4,5.12,178,0
45.5,11.8,11.81,1.7,7.4,5.4,180,0
44.5,11.9,11.04,1.7,7.6,5.06,173,0
43.1,12,11.04,1.7,7.8,4.82,180,0
41.6,12.1,9.52,1.7,8.1,5.64,175,0
38.9,12,8.55,1.8,8.3,6.41,167,0
38.4,12.1,6.71,1.9,8.4,6.65,166,0
38.9,12.1,7.15,1.8,8.6,6.45,164,0
47.4,9.1,0,4.3,25.2,3.56,147,0
44.9,5.5,0,4.1,26.7,6.39,151,0
44.1,5,0,4.1,26.4,7.45,151,0
49.7,6.4,0,4,26.2,6.9,151,0
46.9,5.5,0,4.1,25.9,8.01,152,0
54.5,7.7,0,3.9,25.5,6.89,151,0
51.1,6.6,0,4,25.3,8.41,155,0
48.1,5.4,0,4.2,25.8,9.3,146,0
57.7,8.9,0,3.9,25,7.14,149,0
54.2,8,0,3.9,23.9,8.34,144,0
51,6.7,0,4.2,25.1,8.93,149,0
59.3,9.3,0,3.8,24.6,7.28,160,0
55.9,9,0,3.4,21.2,9.92,175,0
51.6,7.6,0,4,24,8.85,165,0
49.6,6.6,0,4.2,25.1,8.93,145,0
59.1,8.9,0,3.8,24.5,8.66,145,0
55.9,9.1,0,3.4,20.5,8.13,104,0
52,7.7,0,4,24.3,7.2,154,0
50.4,6.8,0,4.3,25.6,6.02,145,0
57.2,8.4,0,4,25.3,8.42,145,0
54.5,8,0,4.1,24.8,5.78,145,0
52.4,7.3,0,4.4,25.8,5.62,145,0
80.3,6.4,23.91,0.4,5.6,8.42,151,0
80.7,6.2,23.68,0.4,5.5,8.33,151,0
81.8,6.1,23.68,0.4,5.6,8.3,150,0
82.1,5.9,23.56,0.4,5.5,8.23,150,0
81.8,6.1,23.45,0.4,5.6,8.51,152,0
81.4,5.9,23.09,0.4,5.7,8.29,151,0
81.7,5.8,22.97,0.4,5.6,8.35,154,0
80.9,6.2,21.77,0.5,5.8,7.84,152,0
83.2,5.8,22.01,0.5,5.7,8.02,150,0
83.5,5.6,22.25,0.5,5.6,7.82,150,0
83.8,5.7,22.97,0.5,5.5,7.99,147,0
81.2,5.9,24.6,0.6,4.7,8.29,166,0
83.5,5.6,23.8,0.5,5.1,8.15,159,0
85.1,5.6,23.45,0.5,5.2,7.92,163,0
84.3,5.4,22.73,0.5,5.3,7.54,161,0
84,5.3,25.15,0.6,4.4,8.35,160,0
86.1,5.1,24.26,0.6,4.7,8.05,168,0
79.2,6,25.68,0.6,4.2,8.3,186,0
82.3,5.9,24.93,0.6,4.5,7.98,165,0
83.8,5.7,24.37,0.6,4.8,7.66,156,0
84.3,5.6,23.56,0.5,5.2,7.31,156,0
84.3,5.5,25.25,0.6,4.4,7.9,167,0
86,5.4,24.71,0.6,4.6,7.8,152,0
87.5,5.3,24.37,0.5,4.9,7.25,164,0
76.9,6,26.87,0.8,3.4,9.06,184,0
79.9,6.1,25.57,0.7,4.1,8.89,186,0
81.1,5.8,26.19,0.7,4,8.71,176,0
85.1,5.8,25.88,0.6,4.2,7.88,152,0
86.2,5.9,24.6,0.5,4.9,7.6,157,0
85.9,5.8,25.88,0.6,4.3,7.84,191,0
86.1,5.8,26.68,0.7,3.8,7.98,155,0
76.3,6,26.09,0.9,3.5,9.6,176,0
78.7,5.8,27.59,0.9,2.8,9.83,157,0
85.2,6,25.04,0.6,4.6,8.5,185,0
83.9,6.2,26.19,0.7,4.1,8.41,198,0
86.6,6,26.29,0.6,4.1,7.55,169,0
71.8,7,13.65,0.8,6.4,9.73,147,0
78,5.9,26.58,0.9,3.1,10.44,152,0
82,6,26.09,0.7,3.8,10.45,151,0
82.8,6.5,25.15,0.6,4.6,8.24,174,0
80.4,6.6,25.78,0.7,4.1,8.19,135,0
84.3,6.4,26.09,0.7,4.1,7.03,165,0
49.2,10.2,0.19,2.1,10.9,13.46,151,0
50.5,9.1,1.01,1.8,10.2,13.65,160,0
49.1,8.8,1.31,1.8,9.9,10.99,205,0
49,9.1,5.64,1.6,8.5,8,180,0
45.1,10.3,4.45,1.8,8.8,6.86,171,0
42.6,10.9,5.03,1.9,8.5,5.36,170,0
41,11.3,6.49,2,7.9,4.3,183,0
39.7,11.6,7.38,2,7.6,3.52,179,0
39.8,11.8,7.61,2,7.6,3.55,177,0
38.5,12,8.79,2.1,7.2,3.6,180,0
38.2,12.1,8.55,2.1,7.3,3.8,173,0
37.7,12.3,8.55,2.1,7.3,3.84,174,0
36.9,12.2,8.31,2,7.6,4.06,173,0
36.2,12.3,7.15,2.1,7.9,4.11,169,0
36.3,12.2,5.03,2.2,8.3,4.56,165,0
35.8,12.1,4.84,2.2,8.4,4.49,162,0
37.5,12.1,5.43,2.1,8.5,4.64,160,0
36.4,12.1,5.23,2.2,8.1,4.82,163,0
36.6,11.9,4.45,2.2,8.5,4.89,157,0
35.3,11.8,4.09,2.1,9,4.88,151,0
34,11.7,3.56,2.1,9.2,4.96,145,0
35,11.7,3.39,2,10,5.04,147,0
36.1,11.4,2.45,2,10.4,5.22,145,0
38.3,11.3,2.17,1.9,10.6,5.82,145,0
41.8,11.4,2.04,1.9,10.6,6.63,147,0
45.4,11.6,1.91,1.8,10.8,7.27,147,0
50.2,11.7,1.42,1.8,10.9,8.21,145,0
53.7,11.6,1.54,1.6,10.8,8.76,149,0
56,11.4,1.21,1.6,10.8,8.87,146,0
54.7,11,2.75,1.5,9.9,9.13,166,0
52.1,11,9.03,1.4,7.9,9,178,0
45.7,11.5,25.04,1.4,3.1,8.92,123,0
44.6,11.6,26.48,1.4,2.1,8.77,116,0
43.3,12,27.5,1.5,1.2,8.39,190,0
41.9,12.3,26.87,1.5,1.3,8.12,178,0
42.9,12.6,24.03,1.6,2.8,7.22,202,0
45.4,12.6,16.59,1.6,5.1,6.39,195,0
45.4,13.3,21.27,1.7,3.7,6.06,187,0
44.3,13.9,26.77,1.8,1.3,6.34,180,0
46.9,14,23.8,1.8,3.1,5.23,212,0
48,14.1,20.77,1.9,3.9,4.72,191,0
49.3,14.1,16.33,1.8,5.2,4.96,181,0
44.6,10.6,0.45,2.2,10.4,9.93,166,0
44.4,10.1,0.45,2.2,10.1,10.21,148,0
44.3,9.1,3.06,1.8,9.1,8.85,194,0
44.1,9.7,5.03,1.8,8.5,6.84,181,0
41.4,10.6,5.43,1.9,8.5,5.57,174,0
39.9,11.2,4.09,2.1,8.7,4.57,173,0
38.6,11.6,4.45,2.2,8.4,3.6,169,0
37.3,11.8,6.27,2.2,7.7,3.04,181,0
37.4,12.1,8.31,2.2,7,3.06,176,0
37.6,12.2,7.84,2.2,7.1,3.31,180,0
36.4,12.3,7.38,2.3,7.2,3.26,178,0
36.3,12.4,7.61,2.3,7.2,3.29,178,0
36.1,12.3,7.38,2.3,7,3.63,172,0
36,12.3,5.43,2.4,7.5,3.7,167,0
36.3,12.3,4.64,2.4,7.7,3.65,169,0
35.3,12.2,4.09,2.4,8,4.15,162,0
35.5,12.2,5.03,2.3,8,4.11,162,0
35.5,12,5.23,2.3,7.9,4.24,166,0
35.5,12,4.64,2.3,8.2,4.51,162,0
34.4,11.9,3.91,2.3,8.5,4.66,156,0
34.2,11.8,3.73,2.2,8.9,4.76,149,0
33.8,11.7,2.45,2.3,9.1,4.85,147,0
36,11.6,2.6,2.1,10,4.95,147,0
36.9,11.5,2.6,2,10.1,5.38,147,0
39.1,11.6,2.17,2,10.2,6.01,147,0
41.4,11.6,1.54,2,10.5,6.85,147,0
45,11.6,1.21,1.9,10.8,7.5,145,0
49.8,11.5,1.01,1.9,10.7,8.34,145,0
52.1,11.1,1.01,1.7,10.9,8.37,145,0
53.2,10.6,0.83,1.7,10.7,8.45,148,0
50.7,10.5,2.9,1.6,9.5,8.47,163,0
44.4,11.5,25.04,1.5,3,9.25,217,0
44.3,11.6,24.03,1.5,3.3,8.6,200,0
41.8,12.3,27.41,1.7,0.9,8.55,145,0
41.6,12.6,27.5,1.7,0.7,8.27,173,0
41.5,12.9,25.88,1.7,1.7,7.83,199,0
42.7,13.3,22.97,1.8,3,7.32,201,0
45.2,13.2,16.59,1.8,4.8,6.56,184,0
45.1,13.8,20.52,1.8,4,5.85,186,0
45,14.3,25.15,1.9,2.4,6.18,193,0
46.2,14.6,23.8,1.9,3.3,5.65,193,0
47.3,14.8,21.77,1.9,4.3,5.67,171,0
39.9,10.9,2.17,2.2,9.3,7.44,181,0
39.6,11.1,0.04,2.5,10.7,7.16,132,0
39.4,10.4,7.38,1.9,7.9,6.45,185,0
38,10.9,6.71,2,7.9,5.57,181,0
37.8,11.3,6.93,2.1,7.7,4.57,178,0
36.5,11.7,5.03,2.2,8.1,3.75,176,0
36.6,12,4.09,2.4,8.1,1,172,0
35.5,12.2,4.09,2.5,7.9,0,173,0
35.8,12.3,6.27,2.5,7,2.89,173,0
36.1,12.4,8.08,2.4,6.5,2.86,181,0
35.1,12.5,7.15,2.5,6.6,2.81,177,0
35.3,12.4,6.93,2.4,6.9,2.96,175,0
35.5,12.4,5.64,2.5,7.1,3.07,176,0
35.6,12.3,4.84,2.5,7.4,3.17,170,0
35.8,12.3,3.91,2.5,7.7,3.27,170,0
36.3,12.2,3.56,2.5,7.8,3.31,168,0
35.3,12.2,4.45,2.4,7.7,3.4,164,0
35.2,12.1,4.84,2.4,7.6,3.9,169,0
34.8,12,4.45,2.4,7.9,4.03,168,0
34.8,11.9,4.09,2.4,7.9,4.25,162,0
34.6,11.9,3.39,2.4,8.6,4.61,158,0
34.1,11.8,2.9,2.4,8.9,4.67,155,0
34.8,11.7,2.6,2.3,9.2,5.02,147,0
35.6,11.7,2.17,2.3,9.3,5.36,147,0
36.5,11.7,1.78,2.2,10.3,6.11,147,0
37.6,11.6,1.31,2.1,10.8,6.53,145,0
39.9,11.6,0.92,2.1,10.9,7.07,147,0
47.2,11.3,1.11,1.9,11,7.65,145,0
50.6,10.7,0.66,1.9,10.8,7.93,145,0
50.5,10.2,0.19,1.9,11.3,8.23,145,0
50.4,9.9,0.19,1.9,10.9,8.47,155,0
47.9,10.1,2.75,1.7,9.2,8.51,178,0
45.3,10.9,12.33,1.6,6.3,8.56,173,0
41.5,12,24.15,1.6,3.3,8.48,170,0
41.4,12.6,26.19,1.7,1.8,8.55,195,0
41.4,13.1,25.68,1.8,1.9,8.36,154,0
41.2,13.6,26.68,1.9,1.2,8.14,149,0
42.2,13.9,25.25,1.9,2.1,7.76,194,0
43.3,14,21.02,1.8,4.1,6.96,196,0
44.4,14.5,23.09,1.9,3.7,6.71,188,0
43.2,15,26.29,2,1.9,6.84,210,0
45.6,15.1,23.56,1.9,3.6,5.81,190,0
35.7,11.4,2.04,2.4,8.8,4.86,158,0
35.4,11.6,1.66,2.5,9.1,5.22,170,0
33.5,11.9,9.77,2.1,7.3,4.65,175,0
33.5,11.8,6.27,2.3,7.9,3.96,176,0
34.7,11.8,6.49,2.3,7.6,3.43,180,0
33.5,12,6.49,2.4,7.5,2.97,176,0
33.8,12.1,4.45,2.5,7.7,1.05,174,0
34.2,12.3,3.22,2.6,8,0,174,0
34.6,12.3,3.39,2.6,7.7,0,171,0
35,12.4,4.09,2.6,7.5,0,178,0
35.4,12.5,6.06,2.6,6.8,2.24,176,0
35.8,12.5,4.84,2.6,7,2.18,172,0
34.9,12.4,5.03,2.6,7,2.54,172,0
35.2,12.5,4.45,2.6,7.5,2.77,172,0
35.8,12.4,4.45,2.5,7.6,2.82,172,0
36.5,12.4,3.91,2.6,7.7,3.1,167,0
36.8,12.2,3.91,2.6,7.5,3.1,169,0
36.5,12.1,4.09,2.6,7.4,3.5,170,0
35.8,12.1,3.91,2.6,7.5,3.6,165,0
33.8,12,3.56,2.6,7.8,4.02,165,0
35,12,3.22,2.6,8,4.27,162,0
34.6,11.8,2.6,2.6,8.4,4.54,161,0
35.2,11.8,2.45,2.5,8.8,5.02,158,0
34.5,11.7,2.04,2.4,9.1,5.38,152,0
35.3,11.7,1.78,2.4,9.5,5.93,150,0
36.2,11.6,1.11,2.2,10.7,6.35,149,0
39.7,11.3,0.83,2.1,11,7.08,145,0
46.7,10.9,0.74,2.1,10.7,7.42,147,0
47.8,10,0.23,2,10.9,7.8,144,0
47.7,9.4,0,2,11.4,8.18,145,0
47.7,9,0,2,11.6,8.22,147,0
47.8,9,0,2,11.2,8.47,152,0
45.3,9.9,3.06,1.8,9.1,8.69,178,0
44,10.8,9.03,1.7,7.4,8.63,178,0
41.5,12.1,22.01,1.7,4.2,8.78,153,0
41.1,12.9,24.37,1.8,2.9,8.8,182,0
40.8,13.4,25.36,1.8,2.4,8.52,157,0
40.5,13.9,25.36,1.8,2.4,8.09,189,0
40.3,14.3,26.68,2,1.4,8.05,210,0
42.8,14.6,23.21,1.9,3.6,7.11,184,0
44.1,15,23.09,1.9,3.9,6.78,184,0
42.9,15.3,25.68,2,2.5,6.62,174,0
33.3,11.9,1.66,2.7,8.4,2.55,179,0
32.9,12,4.27,2.6,7.7,3.55,155,0
31.4,12.2,7.38,2.5,7.2,3.32,167,0
31.2,12.2,5.85,2.5,7.5,1.99,164,0
32.4,12.1,6.49,2.5,7.1,2.94,182,0
32.5,12.2,6.93,2.5,6.9,2.67,182,0
32.8,12.4,5.43,2.6,7.1,1.04,179,0
33.3,12.4,3.39,2.7,7.6,0,173,0
33.8,12.5,3.22,2.8,7.5,0,173,0
34.2,12.5,3.56,2.8,7.1,0,181,0
34.6,12.5,4.09,2.8,6.9,0,176,0
35.1,12.5,3.73,2.7,7.2,1.04,176,0
35.6,12.5,4.45,2.7,7,2.04,175,0
36.2,12.5,4.45,2.7,7.2,2.41,173,0
37,12.4,4.27,2.7,7.2,2.7,175,0
38,12.4,5.03,2.6,6.9,2.8,173,0
37,12.3,4.27,2.7,7,2.9,172,0
36.5,12.3,3.39,2.8,7,3.1,172,0
35.4,12.1,2.75,2.8,7.3,3.5,167,0
34.4,12,2.45,2.8,7.6,3.81,169,0
34,12,2.17,2.8,7.9,3.94,164,0
35,11.9,1.54,2.8,8.2,4.49,162,0
34.5,11.9,1.42,2.8,8.5,5.06,160,0
35,11.8,2.17,2.6,8.8,5.53,162,0
35.6,11.6,1.78,2.5,9.1,6.19,158,0
36.3,11.4,1.42,2.4,9.5,6.61,155,0
38.4,11.1,1.21,2.3,9.8,7.11,147,0
41.7,9.8,0.23,2.2,10.7,7.69,145,0
45.5,8.7,0,2,11.6,8.54,166,0
44.3,9.9,1.78,1.8,10,8.82,169,0
41.5,11.6,15.79,1.7,6,9.04,168,0
39.8,12.6,23.33,1.7,3.9,9.04,208,0
40.7,13,19.75,1.7,5,9.01,210,0
40.4,13.5,21.52,1.8,4.4,8.37,176,0
41.3,14.1,23.33,1.9,3.8,8.32,188,0
42.9,14.4,22.25,1.9,4.2,7.62,167,0
41.5,14.8,23.91,2,3.5,7.17,203,0
42.9,15,21.02,2,4.8,6.7,189,0
30.1,12.1,5.64,2.7,6.8,2.31,192,0
30.1,12.2,6.06,2.7,6.8,2.41,171,0
30.1,12.3,4.64,2.8,7.2,0,175,0
30.2,12.3,5.23,2.8,7,0.99,189,0
31.6,12.3,6.49,2.7,6.5,1.7,167,0
32.1,12.4,4.27,2.8,7.1,0,176,0
32.6,12.4,3.39,2.9,7.3,0,178,0
33.1,12.4,3.39,2.9,7.1,0,178,0
33.6,12.5,3.56,2.9,6.9,0,181,0
34,12.5,3.91,2.9,6.8,0,170,0
34.6,12.6,4.27,2.9,6.6,1.61,180,0
35.3,12.6,4.45,2.8,6.6,1.8,178,0
36,12.5,4.84,2.8,6.4,2.2,175,0
36.9,12.5,4.84,2.7,6.7,2.5,176,0
38,12.5,4.09,2.9,6.5,2.8,177,0
38.3,12.3,2.9,2.9,6.8,3,175,0
37.5,12.3,2.75,2.9,6.9,3.3,173,0
36.3,12.2,2.45,2.8,7.4,3.5,172,0
35.1,12,1.91,2.9,7.5,3.81,166,0
34.2,12,1.66,2.9,7.7,4.14,164,0
35.5,11.9,1.54,2.9,7.9,4.57,167,0
35.3,11.8,1.31,2.8,8.3,4.91,162,0
36.1,11.7,1.91,2.7,8.4,5.46,164,0
36.9,11.5,1.66,2.7,8.6,6.11,165,0
37.6,11.1,1.66,2.5,9,6.67,161,0
39.7,10.7,0.39,2.7,9.6,7.73,148,0
46.1,8.1,0,2.2,12.8,10.29,145,0
44.7,9.2,0.08,2,11.7,9.74,159,0
43.1,10.3,3.56,1.8,9.5,9.63,155,0
40.6,11.9,16.06,1.7,6.1,9.84,195,0
39.1,12.7,18.98,1.8,5.3,9.55,186,0
41.2,13.3,21.27,1.9,4.6,9.05,192,0
42.9,13.8,22.25,1.9,4.2,8.73,165,0
41.1,14.2,22.25,2,4.1,8.17,191,0
42.9,14.5,22.01,2,4.4,7.45,146,0
42.8,14.8,22.25,2,4.6,6.94,163,0
30.2,12.2,10.02,2.8,5.3,1.99,195,0
28.8,12.2,5.85,2.9,6.3,1.62,178,0
28.9,12.3,3.39,3.1,7,0,178,0
30.6,12.3,3.73,3,6.9,0,178,0
31.2,12.4,4.09,3,6.8,0,178,0
31.7,12.4,4.09,3,6.6,0,175,0
32.3,12.4,3.91,3,6.6,0,182,0
32.8,12.5,3.91,3,6.5,0,174,0
34.3,12.4,2.6,3.1,6.8,0,179,0
34.9,12.5,2.9,3,6.7,0,176,0
35.7,12.6,4.09,3,6.2,1.5,176,0
36.4,12.7,4.27,3,6.1,1.8,179,0
37.1,12.5,3.22,3,6.4,1.8,174,0
38.1,12.5,3.39,3,6.1,2.4,178,0
39.1,12.5,3.22,3,6.4,2.5,177,0
39,12.4,2.9,3,6.5,2.9,172,0
38,12.3,2.75,3,6.7,3,177,0
37,12.2,2.75,2.9,7.1,3.3,170,0
35.9,12.2,2.6,2.9,7.3,3.7,172,0
36.2,12,1.91,2.9,7.7,4.02,169,0
35.8,11.9,1.66,2.9,7.8,4.35,168,0
35.8,11.7,1.42,2.9,8,4.89,167,0
36.9,11.5,1.31,2.8,8.2,5.53,159,0
38,11.1,0.92,2.8,8.4,5.91,162,0
38.9,10.7,0.39,2.8,8.9,7.09,159,0
41.2,10,0.06,2.8,9.4,8.7,159,0
42.1,8.8,0,2.7,10.3,9.55,145,0
42.5,8.8,0.01,2.1,11.8,11.75,141,0
42.4,9.8,2.04,1.9,10.1,11.49,160,0
41.3,10.7,4.84,1.9,8.9,10.89,179,0
40.3,12.2,17.39,1.9,5.6,10.67,164,0
41.8,12.5,12.6,1.9,6.6,9.51,221,0
42.8,12.6,7.84,2,7.9,8.41,187,0
42.2,13.4,13.65,2,6.4,8.22,173,0
44.6,13.9,17.13,2,5.6,7.82,142,0
44,14.2,18.19,2,5.5,6.83,189,0
28.9,11.8,0,3.9,9.2,0,151,0
28.8,12,0.83,3.5,7.7,0.93,141,0
28.8,12.3,6.06,3.1,6,1.34,176,0
29.1,12.3,3.39,3.2,6.8,0.96,180,0
29.9,12.3,3.22,3.2,6.8,0,180,0
30.7,12.3,3.06,3.2,6.6,0,182,0
32.6,12.3,3.06,3.2,6.5,0,177,0
33.2,12.4,3.22,3.2,6.4,0,176,0
33.7,12.4,3.06,3.2,6.2,0,175,0
34,12.4,1.91,3.2,6.6,0,181,0
34.7,12.4,2.17,3.2,6.4,0,182,0
35.5,12.5,2.9,3.1,6.1,1.54,181,0
37.5,12.6,2.45,3.2,5.9,1.62,180,0
38.3,12.5,2.04,3.2,6.2,1.8,176,0
39.5,12.5,2.31,3.2,6,2.2,176,0
40.2,12.5,2.17,3.1,6.5,2.4,176,0
39.6,12.5,2.31,3.1,6.4,2.7,178,0
38.6,12.3,2.31,3.1,6.6,3,173,0
37.7,12.3,2.31,3,6.8,3.2,172,0
36.8,12.2,2.04,3,7.2,3.6,173,0
37.1,12,1.31,3,7.6,3.91,168,0
36.1,11.8,1.01,3,8,4.23,166,0
37.3,11.6,0.92,3,8.1,4.76,162,0
37.3,11.2,0.66,2.9,8.3,5.31,165,0
38.6,10.9,0.39,3,8.5,6.25,163,0
39.7,10.3,0.08,3,8.9,7.66,161,0
40.9,9.7,0,3,9.1,9.12,158,0
43.2,8.9,0,3,10,9.5,147,0
